seq,t_ms,control_ms,send_ms,base_speed,n0,n1,n2,n3,n4,n5,n6,n7,position,error,d_error,left_cmd,right_cmd,on_line,is_marker
0,21,10,20,740,935,968,956,953,952,982,985,946,3515,15,15,745,735,1,1
1,44,10,20,740,980,980,977,971,980,1000,997,984,3512,12,-3,742,738,1,1
2,74,10,20,740,1000,1000,1000,1000,1000,1000,1000,1000,3500,0,0,740,740,1,1
3,94,10,20,740,882,875,883,973,960,961,962,955,3578,78,78,770,710,1,1
4,124,10,20,740,68,82,95,861,958,221,87,62,3686,186,20,784,696,1,0
5,144,10,20,740,106,89,106,900,967,204,91,93,3416,-84,-392,655,825,1,0
6,173,10,20,740,45,41,67,922,970,131,58,58,3608,108,-16,761,719,1,0
7,193,10,20,740,222,54,78,933,949,92,58,89,3134,-366,171,689,791,1,0
8,213,10,20,740,51,60,88,922,970,105,91,46,3590,90,90,775,705,1,0
9,234,10,20,740,27,41,57,934,952,90,61,40,3504,4,-2,740,740,1,0
10,254,10,20,740,29,47,69,898,931,79,58,31,3509,9,7,743,737,1,0
11,274,10,20,740,41,66,73,915,934,86,44,17,3505,5,-2,740,740,1,0
12,294,10,20,740,45,41,59,900,950,81,49,15,3513,13,0,742,738,1,0
13,314,10,20,740,51,82,85,893,931,101,44,33,3588,88,82,773,707,1,0
14,334,10,20,740,56,101,80,904,932,122,68,15,3473,-27,-34,729,751,1,0
15,354,10,20,740,58,79,83,909,936,94,61,38,3507,7,2,741,739,1,0
16,374,10,20,740,35,85,80,903,938,77,80,31,3509,9,-100,725,755,1,0
17,394,10,20,740,72,79,73,920,927,77,61,26,3501,1,-4,740,740,1,0
18,414,10,20,740,64,79,88,936,921,55,47,15,3495,-5,-5,739,741,1,0
19,444,10,20,740,29,89,172,930,909,55,51,2,3366,-134,-54,702,778,1,0
20,464,10,20,740,39,79,618,911,798,40,56,11,3077,-423,-195,614,866,1,0
21,484,10,20,740,39,108,909,933,375,30,58,17,2677,-823,-134,537,943,1,0
22,504,10,20,740,53,108,937,915,125,27,68,31,2506,-994,-51,513,967,1,0
23,524,10,20,740,60,156,966,931,79,75,89,78,2377,-1123,-27,489,991,1,0
24,544,10,20,740,37,210,952,923,74,21,61,42,2341,-1159,-19,482,998,1,0
25,564,10,20,740,68,235,966,930,52,27,42,53,2326,-1174,-13,480,1000,1,0
26,584,10,20,740,70,242,970,939,90,49,103,67,2492,-1008,150,544,936,1,0
27,604,10,20,740,41,156,942,922,90,12,54,24,2379,-1121,23,498,982,1,0
28,624,10,20,740,80,133,933,949,101,60,89,46,2481,-1019,88,531,949,1,0
29,644,10,20,740,84,111,952,939,136,51,77,62,2514,-986,100,541,939,1,0
30,664,10,20,740,37,111,937,949,185,38,70,46,2553,-947,34,538,942,1,0
31,684,10,20,740,58,184,961,939,255,64,94,71,2540,-960,-21,526,954,1,0
32,704,10,20,740,74,114,939,949,277,70,96,78,2609,-891,11,546,934,1,0
33,724,10,20,740,94,152,954,961,323,64,89,62,2608,-892,-18,541,939,1,0
34,744,10,20,740,60,121,947,958,294,68,84,76,2614,-886,-35,540,940,1,0
35,764,10,20,740,84,127,958,939,272,62,77,55,2590,-910,-26,536,944,1,0
36,784,10,20,740,94,89,973,957,201,68,89,71,2637,-863,37,557,923,1,0
37,804,10,20,740,110,200,975,968,174,103,110,89,2623,-877,242,589,891,1,0
38,824,10,20,740,117,226,986,949,136,58,103,46,2466,-1034,11,515,965,1,0
39,844,10,20,740,117,324,994,947,103,49,80,98,2239,-1261,-65,452,1000,1,0
40,864,10,20,740,121,468,987,968,98,60,96,67,2101,-1399,-103,415,1000,1,0
41,884,10,20,740,119,525,973,949,72,49,84,69,2072,-1428,-1,426,1000,1,0
42,904,10,20,740,96,449,972,961,78,64,84,120,2444,-1056,255,552,928,1,0
43,924,10,20,740,100,388,980,933,114,47,89,96,2227,-1273,-446,385,1000,1,0
44,944,10,20,740,102,312,979,952,139,58,127,69,2468,-1032,118,534,946,1,0
45,964,10,20,740,72,292,954,955,94,55,141,60,2523,-977,-59,516,964,1,0
46,984,10,20,740,115,324,959,955,94,43,106,69,2335,-1165,-121,464,1000,1,0
47,1004,10,20,740,104,449,965,979,114,79,106,107,2534,-966,199,562,918,1,0
48,1024,10,20,740,84,528,963,965,117,88,117,107,2598,-902,228,581,899,1,0
49,1044,10,20,740,82,531,979,941,85,68,132,67,2363,-1137,100,507,973,1,0
50,1064,10,20,740,58,611,975,973,88,58,96,67,2141,-1359,-431,368,1000,1,0
51,1084,10,20,740,66,713,966,955,76,53,82,71,2091,-1409,-24,426,1000,1,0
52,1104,10,20,740,19,726,958,941,59,49,73,62,2081,-1419,-1,428,1000,1,0
53,1124,10,20,740,23,621,945,944,41,27,63,53,2128,-1372,33,444,1000,1,0
54,1144,10,20,740,55,439,952,941,67,32,56,46,2215,-1285,58,468,1000,1,0
55,1164,10,20,740,72,289,935,938,79,47,63,64,2300,-1200,28,481,999,1,0
56,1184,10,20,740,74,232,945,928,96,47,66,60,2330,-1170,-57,473,1000,1,0
57,1204,10,20,740,80,171,939,941,108,64,84,91,2456,-1044,96,527,953,1,0
58,1224,10,20,740,64,159,932,941,114,70,99,67,2470,-1030,-147,489,991,1,0
59,1244,10,20,740,74,165,928,920,101,62,84,60,2452,-1048,-19,507,973,1,0
60,1264,10,20,740,74,194,916,914,139,101,91,78,2574,-926,104,554,926,1,0
61,1294,10,20,740,102,267,919,933,98,49,58,40,2208,-1292,-244,415,1000,1,0
62,1323,10,20,740,84,238,885,907,114,53,49,31,2418,-1082,128,524,956,1,0
63,1344,10,20,740,78,197,904,884,98,40,35,24,2346,-1154,-13,484,996,1,0
64,1374,10,20,740,102,235,911,892,78,47,47,15,2211,-1289,-127,435,1000,1,0
65,1404,10,20,740,49,232,895,880,85,47,25,24,2322,-1178,4,482,998,1,0
66,1424,10,20,740,84,248,928,888,85,27,40,0,2310,-1190,-2,478,1000,1,0
67,1444,10,20,740,76,257,909,912,88,34,16,0,2315,-1185,0,480,1000,1,0
68,1473,10,20,740,62,277,935,911,90,0,44,2,2298,-1202,9,478,1000,1,0
69,1493,10,20,740,56,229,932,915,90,12,73,31,2330,-1170,-25,479,1000,1,0
70,1513,10,20,740,37,136,933,936,88,0,56,4,2399,-1101,57,508,972,1,0
71,1533,10,20,740,27,105,919,906,92,4,30,11,2415,-1085,-59,492,988,1,0
72,1553,10,20,740,39,95,935,930,108,32,33,35,2580,-920,79,552,928,1,0
73,1574,10,20,740,51,101,935,931,130,43,37,35,2519,-981,-74,512,968,1,0
74,1594,10,20,740,51,95,909,934,98,23,30,31,2506,-994,11,524,956,1,0
75,1614,10,20,740,53,127,904,923,78,17,21,8,2407,-1093,11,502,978,1,0
76,1634,10,20,740,39,194,912,901,103,43,54,26,2432,-1068,64,516,964,1,0
77,1654,10,20,740,51,229,891,906,81,47,35,24,2334,-1166,-23,480,1000,1,0
78,1674,10,20,740,62,207,881,898,79,49,21,35,2347,-1153,22,491,989,1,0
79,1694,10,20,740,23,200,855,912,70,51,18,0,2361,-1139,26,494,986,1,0
80,1714,10,20,740,41,254,881,917,99,62,33,29,2323,-1177,-105,464,1000,1,0
81,1734,10,20,740,25,232,874,890,68,36,35,2,2329,-1171,3,483,997,1,0
82,1754,10,20,740,21,235,843,884,63,38,9,0,2330,-1170,30,488,992,1,0
83,1774,10,20,740,31,257,888,895,117,51,21,15,2404,-1096,-11,498,982,1,0
84,1794,10,20,740,37,296,886,885,130,62,30,0,2386,-1114,-40,489,991,1,0
85,1814,10,20,740,19,312,874,892,70,23,33,0,2279,-1221,-84,458,1000,1,0
86,1834,10,20,740,76,410,907,892,99,40,58,42,2218,-1282,-32,453,1000,1,0
87,1854,10,20,740,98,420,933,917,99,30,58,29,2218,-1282,-5,458,1000,1,0
88,1874,10,20,740,117,401,977,923,128,36,103,58,2360,-1140,181,520,960,1,0
89,1894,10,20,740,125,302,984,946,123,30,99,46,2258,-1242,-156,441,1000,1,0
90,1914,10,20,740,72,267,1000,969,152,83,106,38,2573,-927,4,537,943,1,0
91,1934,10,20,740,41,280,975,950,68,19,66,40,2303,-1197,40,484,996,1,0
92,1954,10,20,740,68,337,944,917,74,47,56,38,2263,-1237,-52,460,1000,1,0
93,1974,10,20,740,41,359,926,934,76,21,42,29,2259,-1241,6,468,1000,1,0
94,2004,10,20,740,56,305,933,947,98,47,37,44,2293,-1207,41,482,998,1,0
95,2034,10,20,740,92,286,952,955,108,55,80,55,2384,-1116,87,510,970,1,0
96,2054,10,20,740,88,257,935,955,116,43,68,64,2410,-1090,-21,497,983,1,0
97,2074,10,20,740,102,299,982,966,139,105,87,96,2407,-1093,92,516,964,1,0
98,2094,10,20,740,64,270,968,938,81,58,89,49,2306,-1194,25,482,998,1,0
99,2115,10,20,740,64,270,949,949,127,77,96,71,2406,-1094,20,503,977,1,0
100,2135,10,20,740,62,159,954,928,92,43,66,42,2376,-1124,40,500,980,1,0
101,2156,10,20,740,45,111,932,946,96,49,61,53,2419,-1081,25,507,973,1,0
102,2176,10,20,740,53,101,912,939,159,58,66,31,2547,-953,51,540,940,1,0
103,2196,10,20,740,70,66,702,904,551,8,18,0,2929,-571,213,651,829,1,0
104,2216,10,20,740,55,54,189,914,923,79,49,49,3362,-138,210,745,735,1,0
105,2236,10,20,740,37,76,69,966,940,66,44,26,3493,-7,-8,738,742,1,0
106,2256,10,20,740,39,79,47,892,934,64,54,24,3511,11,13,744,736,1,0
107,2276,10,20,740,17,63,69,892,934,126,40,4,3607,107,99,780,700,1,0
108,2296,10,20,740,3,54,64,757,921,350,33,0,3799,299,112,824,656,1,0
109,2316,10,20,740,33,66,69,442,934,735,66,4,4138,638,176,910,570,1,0
110,2336,10,20,740,27,85,55,165,918,924,101,22,4455,955,186,981,499,1,0
111,2356,10,20,740,19,50,36,95,911,926,115,22,4592,1092,188,1000,468,1,0
112,2376,10,20,740,49,38,29,39,903,944,68,20,4511,1011,15,964,516,1,0
113,2396,10,20,740,31,63,43,63,940,952,91,62,4503,1003,-1,960,520,1,0
114,2416,10,20,740,41,41,40,63,931,931,87,29,4500,1000,-4,959,521,1,0
115,2436,10,20,740,35,63,55,150,950,933,77,22,4385,885,-115,915,565,1,0
116,2456,10,20,740,31,38,36,295,923,911,82,26,4289,789,-47,905,575,1,0
117,2476,10,20,740,25,31,33,353,916,866,75,20,4240,740,-14,900,580,1,0
118,2496,10,20,740,1,28,85,450,943,860,84,22,4181,681,-71,877,603,1,0
119,2516,10,20,740,265,79,76,452,967,909,99,26,3767,267,-387,733,747,1,0
120,2546,10,20,740,68,321,268,360,1000,1000,259,51,3893,393,-147,801,679,1,0
121,2566,10,20,740,302,292,76,77,1000,1000,141,40,3706,206,18,788,692,1,0
122,2586,10,20,740,308,101,62,261,1000,1000,375,73,3984,484,58,856,624,1,0
123,2607,10,20,740,371,194,142,50,778,976,929,116,4237,737,77,915,565,1,0
124,2628,10,20,740,444,121,81,160,399,1000,1000,82,4224,724,-36,893,587,1,0
125,2648,10,20,740,212,124,88,82,110,972,976,239,4919,1419,555,1000,334,1,0
126,2668,10,20,740,88,76,59,71,78,956,981,561,5841,2341,687,1000,109,1,0
127,2689,10,20,740,60,85,64,34,78,941,995,749,5928,2428,201,1000,172,1,0
128,2709,10,20,740,53,105,74,14,79,967,971,543,5633,2133,-80,1000,285,1,0
129,2739,10,20,740,235,70,60,20,78,967,971,62,4906,1406,-380,984,496,1,0
130,2759,10,20,740,538,92,74,46,524,969,941,33,4235,735,-357,841,639,1,0
131,2779,10,20,740,220,70,64,28,793,972,780,33,4597,1097,68,992,488,1,0
132,2799,10,20,740,182,85,81,50,889,982,584,53,4539,1039,-20,965,515,1,0
133,2819,10,20,740,127,82,74,53,940,948,393,29,4509,1009,-77,948,532,1,0
134,2839,10,20,740,64,70,60,36,936,969,233,17,4671,1171,213,1000,447,1,0
135,2859,10,20,740,68,98,78,38,952,967,181,15,4632,1132,-48,980,500,1,0
136,2879,10,20,740,58,85,76,46,941,948,101,0,4577,1077,-27,972,508,1,0
137,2899,10,20,740,53,66,66,36,923,944,91,22,4505,1005,-68,949,531,1,0
138,2928,10,20,740,47,60,57,28,932,961,99,22,4507,1007,2,961,519,1,0
139,2948,10,20,740,72,66,60,60,958,967,106,26,4580,1080,-8,976,504,1,0
140,2968,10,20,740,92,89,90,55,949,976,122,44,4595,1095,17,983,497,1,0
141,2988,10,20,740,68,70,66,38,969,980,96,26,4502,1002,2,960,520,1,0
142,3008,10,20,740,43,95,67,47,960,952,82,15,4497,997,-5,958,522,1,0
143,3028,10,20,740,111,73,85,60,938,987,132,60,4372,872,-209,896,584,1,0
144,3048,10,20,740,47,89,69,65,949,969,125,51,4596,1096,0,981,499,1,0
145,3068,10,20,740,100,57,99,55,931,976,110,29,4376,876,-212,896,584,1,0
146,3088,10,20,740,31,60,47,60,945,969,125,35,4597,1097,-10,979,501,1,0
147,3108,10,20,740,82,76,69,60,936,984,134,51,4609,1109,-3,983,497,1,0
148,3128,10,20,740,72,63,67,52,969,978,139,58,4602,1102,-8,981,499,1,0
149,3148,10,20,740,58,70,64,57,934,961,125,46,4599,1099,15,984,496,1,0
150,3168,10,20,740,45,31,62,55,934,967,80,53,4508,1008,-90,946,534,1,0
151,3188,10,20,740,55,54,69,65,949,950,117,49,4587,1087,-27,974,506,1,0
152,3208,10,20,740,41,35,59,58,947,972,101,55,4581,1081,74,990,490,1,0
153,3228,10,20,740,37,50,95,73,931,980,110,46,4593,1093,73,992,488,1,0
154,3248,10,20,740,84,79,83,93,949,952,108,53,4581,1081,75,990,490,1,0
155,3268,10,20,740,45,60,69,84,947,978,122,71,4596,1096,4,981,499,1,0
156,3288,10,20,740,43,63,64,122,941,984,110,71,4501,1001,-80,946,534,1,0
157,3308,10,20,740,82,85,102,153,958,987,132,105,4496,996,-6,958,522,1,0
158,3328,10,20,740,27,50,60,84,920,969,80,44,4512,1012,79,976,504,1,0
159,3348,10,20,740,45,63,78,82,934,963,108,58,4588,1088,2,979,501,1,0
160,3368,10,20,740,29,47,59,53,950,954,87,35,4501,1001,-4,959,521,1,0
161,3388,10,20,740,39,76,67,77,943,980,108,22,4588,1088,79,992,488,1,0
162,3408,10,20,740,17,57,66,65,927,974,99,31,4512,1012,-3,962,518,1,0
163,3428,10,20,740,13,76,52,77,947,952,73,24,4501,1001,-6,959,521,1,0
164,3448,10,20,740,41,66,59,65,956,941,96,31,4496,996,-81,945,535,1,0
165,3468,10,20,740,78,121,87,92,978,982,165,82,4422,922,147,967,513,1,0
166,3488,10,20,740,49,95,78,73,949,978,127,60,4599,1099,16,984,496,1,0
167,3508,10,20,740,60,76,74,74,967,969,117,60,4585,1085,-19,975,505,1,0
168,3528,10,20,740,60,85,88,74,961,978,150,49,4611,1111,264,1000,451,1,0
169,3548,10,20,740,119,146,142,115,981,987,172,89,4006,506,-300,800,680,1,0
170,3568,10,20,740,111,140,142,111,974,978,179,91,4029,529,-176,826,654,1,0
171,3588,10,20,740,56,108,102,53,963,950,245,55,4385,885,291,984,496,1,0
172,3608,10,20,740,92,108,134,74,961,991,523,58,4531,1031,-20,963,517,1,0
173,3628,10,20,740,127,114,149,73,905,959,750,64,4436,936,5,946,534,1,0
174,3648,10,20,740,182,108,123,92,845,982,875,71,4460,960,-282,903,577,1,0
175,3668,10,20,740,153,111,87,50,803,944,893,53,4614,1114,67,996,484,1,0
176,3688,10,20,740,214,92,102,69,767,987,915,46,4588,1088,170,1000,472,1,0
177,3709,10,20,740,251,111,108,74,715,974,950,102,4506,1006,-66,950,530,1,0
178,3730,10,20,740,269,130,106,90,680,987,933,98,4378,878,-150,907,573,1,0
179,3750,10,20,740,278,82,73,34,631,972,941,60,4617,1117,224,1000,457,1,0
180,3770,10,20,740,302,146,81,47,551,969,950,71,4419,919,101,959,521,1,0
181,3800,10,20,740,385,60,88,20,304,963,952,58,4509,1009,-24,957,523,1,0
182,3820,10,20,740,367,63,97,20,208,976,952,49,4564,1064,139,997,483,1,0
183,3840,10,20,740,335,70,59,30,139,956,933,91,4627,1127,16,990,490,1,0
184,3860,10,20,740,286,85,73,50,105,959,945,87,4742,1242,137,1000,444,1,0
185,3880,10,20,740,257,28,52,23,67,924,938,85,4836,1336,-111,1000,465,1,0
186,3900,10,20,740,227,66,52,25,85,950,931,64,4903,1403,18,1000,429,1,0
187,3920,10,20,740,253,76,69,28,81,950,936,78,4846,1346,-69,1000,456,1,0
188,3940,10,20,740,271,41,57,20,156,961,922,73,4745,1245,-79,1000,480,1,0
189,3960,10,20,740,335,60,64,42,486,963,837,67,4494,994,-109,940,540,1,0
190,3989,10,20,740,308,82,97,66,876,935,280,71,4109,609,-62,863,617,1,0
191,4009,10,20,740,237,57,114,61,947,980,195,91,4078,578,-31,861,619,1,0
192,4029,10,20,740,145,60,127,92,916,950,91,31,4054,554,-77,848,632,1,0
193,4049,10,20,740,76,54,73,57,903,952,84,38,4513,1013,303,1000,466,1,0
194,4069,10,20,740,76,38,76,61,931,946,87,29,4503,1003,-5,959,521,1,0
195,4089,10,20,740,58,57,66,290,927,761,63,38,4238,738,-146,877,603,1,0
196,4109,10,20,740,55,108,78,828,936,206,33,40,3544,44,-392,684,796,1,0
197,4129,10,20,740,56,82,87,926,960,77,56,22,3509,9,-86,728,752,1,0
198,4149,10,20,740,53,82,83,907,965,90,51,15,3515,15,-2,742,738,1,0
199,4169,10,20,740,82,95,125,947,1000,90,61,31,3422,-78,-63,713,767,1,0
200,4189,10,20,740,98,117,141,947,1000,109,99,105,3522,22,315,798,682,1,0
201,4210,10,20,740,123,111,121,979,932,77,108,73,3229,-271,-40,674,806,1,0
202,4230,10,20,740,96,111,114,953,950,68,91,46,3288,-212,31,699,781,1,0
203,4250,10,20,740,102,114,128,942,969,88,101,58,3258,-242,-12,685,795,1,0
204,4270,10,20,740,94,117,132,961,952,86,106,78,3398,-102,172,746,734,1,0
205,4290,10,20,740,100,136,139,958,992,98,103,80,3242,-258,117,704,776,1,0
206,4310,10,20,740,94,127,125,939,976,98,101,78,3396,-104,-10,716,764,1,0
207,4340,10,20,740,102,140,127,892,958,215,94,91,3277,-223,53,700,780,1,0
208,4360,10,20,740,111,133,123,709,967,427,115,96,3558,58,216,789,691,1,0
209,4380,10,20,740,121,136,94,398,938,709,96,93,3747,247,186,825,655,1,0
210,4400,10,20,740,127,146,80,246,963,840,96,60,3848,348,-14,814,666,1,0
211,4420,10,20,740,111,89,76,196,1000,879,77,49,4109,609,-13,871,609,1,0
212,4440,10,20,740,78,44,64,231,936,827,61,29,4298,798,-24,911,569,1,0
213,4460,10,20,740,76,66,57,384,934,707,87,46,4159,659,-93,869,611,1,0
214,4480,10,20,740,64,82,76,701,907,387,80,33,3842,342,-203,780,700,1,0
215,4500,10,20,740,80,57,88,860,927,167,75,60,3645,145,-84,757,723,1,0
216,4529,10,20,740,111,60,85,888,898,107,58,38,3388,-112,-197,682,798,1,0
217,4549,10,20,740,94,63,92,888,894,79,54,31,3501,1,-1,740,740,1,0
218,4570,10,20,740,80,70,106,901,892,88,77,44,3413,-87,-162,694,786,1,0
219,4590,10,20,740,78,79,125,901,936,94,56,31,3413,-87,-88,706,774,1,0
220,4610,10,20,740,84,76,132,879,901,68,51,26,3402,-98,-19,716,764,1,0
221,4630,10,20,740,139,105,186,900,901,81,56,29,3039,-461,-166,611,869,1,0
222,4650,10,20,740,104,117,196,893,880,49,70,51,3063,-437,48,653,827,1,0
223,4670,10,20,740,94,108,156,926,900,88,89,29,3252,-248,-113,667,813,1,0
224,4690,10,20,740,98,124,130,930,936,92,87,62,3263,-237,139,712,768,1,0
225,4710,10,20,740,78,98,116,923,925,101,89,67,3489,-11,130,759,721,1,0
226,4730,10,20,740,74,95,111,933,927,86,91,69,3414,-86,126,742,738,1,0
227,4750,10,20,740,104,130,135,930,947,98,110,76,3241,-259,27,688,792,1,0
228,4770,10,20,740,94,121,114,936,954,83,84,71,3281,-219,168,721,759,1,0
229,4790,10,20,740,86,111,109,896,956,152,82,53,3417,-83,66,733,747,1,0
230,4810,10,20,740,121,111,120,804,963,286,106,60,3457,-43,12,733,747,1,0
231,4830,10,20,740,113,111,102,600,961,488,127,80,3661,161,84,789,691,1,0
232,4850,10,20,740,117,82,99,392,954,694,122,91,4034,534,153,883,597,1,0
233,4870,10,20,740,111,79,66,355,961,707,84,58,3956,456,20,843,637,1,0
234,4890,10,20,740,106,50,81,482,940,606,77,62,3859,359,-261,774,706,1,0
235,4910,10,20,740,84,63,71,712,932,400,63,53,3847,347,-94,800,680,1,0
236,4930,10,20,740,51,38,69,841,923,189,51,42,3666,166,-70,764,716,1,0
237,4950,10,20,740,51,28,73,868,921,135,54,38,3619,119,-31,760,720,1,0
238,4970,10,20,740,49,35,83,871,894,120,56,46,3601,101,82,776,704,1,0
239,4990,10,20,740,53,60,94,887,892,83,73,26,3501,1,79,753,727,1,0
240,5010,10,20,740,37,73,88,873,929,96,80,33,3515,15,14,745,735,1,0
241,5030,10,20,740,104,127,109,893,914,103,61,49,3197,-303,-220,636,844,1,0
242,5050,10,20,740,76,117,132,879,932,83,70,44,3274,-226,21,694,786,1,0
243,5070,10,20,740,117,159,146,936,961,94,110,80,3195,-305,-177,643,837,1,0
244,5090,10,20,740,119,191,160,969,980,98,155,111,3368,-132,175,740,740,1,0
245,5110,10,20,740,94,184,165,982,1000,111,174,143,3646,146,109,790,690,1,0
246,5131,10,20,740,76,133,144,968,976,92,115,67,3389,-111,-15,714,766,1,0
247,5151,10,20,740,58,85,106,953,954,70,73,51,3421,-79,2,723,757,1,0
248,5171,10,20,740,17,63,80,949,960,66,51,58,3502,2,-3,740,740,1,0
249,5191,10,20,740,60,60,67,922,943,120,56,44,3595,95,83,775,705,1,0
250,5211,10,20,740,39,57,66,763,952,367,54,31,3809,309,137,831,649,1,0
251,5231,10,20,740,55,60,52,458,929,756,80,53,4139,639,157,907,573,1,0
252,5260,10,20,740,70,66,67,119,958,950,101,40,4485,985,102,974,506,1,0
253,5280,10,20,740,51,63,83,66,960,965,115,42,4585,1085,6,979,501,1,0
254,5300,10,20,740,49,73,76,58,934,965,122,42,4598,1098,173,1000,470,1,0
255,5320,10,20,740,53,70,74,65,952,959,226,53,4660,1160,38,1000,479,1,0
256,5341,10,20,740,70,70,59,33,945,952,389,15,4756,1256,36,1000,458,1,0
257,5361,10,20,740,51,50,67,53,929,967,516,64,4828,1328,42,1000,441,1,0
258,5381,10,20,740,27,41,48,31,921,946,533,35,4838,1338,6,1000,445,1,0
259,5401,10,20,740,17,41,29,12,921,952,537,17,4840,1340,-11,1000,448,1,0
260,5421,10,20,740,72,63,52,49,918,969,566,53,4856,1356,21,1000,439,1,0
261,5441,10,20,740,53,63,60,31,950,961,634,85,4875,1375,20,1000,435,1,0
262,5462,10,20,740,47,57,66,36,960,976,754,91,4923,1423,28,1000,423,1,0
263,5482,10,20,740,55,60,73,57,950,969,808,78,4947,1447,21,1000,419,1,0
264,5502,10,20,740,35,105,66,53,967,993,877,118,4910,1410,-32,1000,436,1,0
265,5522,10,20,740,133,114,114,77,965,974,938,140,4641,1141,-429,918,562,1,0
266,5542,10,20,740,82,140,144,115,940,1000,1000,176,4769,1269,-53,1000,470,1,0
267,5562,10,20,740,92,156,142,104,862,991,1000,165,4769,1269,204,1000,427,1,0
268,5583,10,20,740,108,133,130,85,584,1000,1000,196,4792,1292,-123,1000,477,1,0
269,5603,10,20,740,143,105,121,60,301,989,988,174,4835,1335,44,1000,439,1,0
270,5623,10,20,740,247,121,118,69,210,982,1000,158,4659,1159,-96,978,502,1,0
271,5643,10,20,740,412,117,104,50,174,972,990,96,4269,769,-250,866,614,1,0
272,5663,10,20,740,365,105,80,42,128,969,948,76,4433,933,-10,943,537,1,0
273,5683,10,20,740,257,85,69,23,92,959,959,80,4850,1350,329,1000,388,1,0
274,5704,10,20,740,241,73,71,34,172,980,966,38,4825,1325,-30,1000,454,1,0
275,5724,10,20,740,322,121,69,11,390,963,875,20,4397,897,-109,918,562,1,0
276,5744,10,20,740,394,105,62,19,765,965,518,24,4040,540,-198,825,655,1,0
277,5764,10,20,740,335,85,60,47,923,963,176,0,3989,489,-1,847,633,1,0
278,5784,10,20,740,263,92,71,23,932,952,87,0,3953,453,-98,823,657,1,0
279,5804,10,20,740,125,50,36,41,936,944,89,26,4221,721,175,928,552,1,0
280,5824,10,20,740,92,54,76,49,932,944,82,29,4503,1003,282,1000,472,1,0
281,5844,10,20,740,68,92,69,77,952,941,73,11,4497,997,-7,958,522,1,0
282,5874,10,20,740,76,89,74,719,938,307,49,20,3790,290,-329,747,733,1,0
283,5894,10,20,740,58,70,76,922,949,83,68,51,3507,7,-105,724,756,1,0
284,5914,10,20,740,51,82,87,934,945,62,75,51,3502,2,1,740,740,1,0
285,5934,10,20,740,64,92,118,947,943,83,84,64,3410,-90,-5,720,760,1,0
286,5954,10,20,740,94,114,142,947,932,73,87,67,3263,-237,-149,663,817,1,0
287,5974,10,20,740,47,98,163,953,911,64,84,87,3369,-131,134,734,746,1,0
288,6013,10,20,740,66,92,205,950,925,77,96,53,3346,-154,-18,704,776,1,0
289,6033,10,20,740,119,105,245,985,912,58,94,51,3042,-458,-166,612,868,1,0
290,6063,10,20,740,39,85,158,980,932,70,70,60,3373,-127,5,713,767,1,0
291,6083,10,20,740,51,92,153,949,954,68,77,42,3389,-111,128,738,742,1,0
292,6103,10,20,740,55,76,101,957,949,70,51,29,3422,-78,21,727,753,1,0
293,6133,10,20,740,74,95,109,936,956,75,87,62,3423,-77,-84,709,771,1,0
294,6153,10,20,740,82,117,111,971,956,81,91,62,3283,-217,-205,658,822,1,0
295,6173,10,20,740,92,95,101,971,963,81,84,58,3423,-77,121,743,737,1,0
296,6203,10,20,740,84,82,111,941,943,70,80,46,3417,-83,-2,722,758,1,0
297,6223,10,20,740,84,130,249,952,970,77,77,53,3200,-300,-71,662,818,1,0
298,6243,10,20,740,94,121,688,949,869,73,103,55,3090,-410,-45,643,837,1,0
299,6263,10,20,740,84,124,977,961,471,66,70,64,2702,-798,-136,542,938,1,0
300,6283,10,20,740,88,187,952,947,132,51,56,40,2461,-1039,-95,496,984,1,0
301,6303,10,20,740,129,519,973,952,119,49,73,60,2153,-1347,-226,406,1000,1,0
302,6333,10,20,740,100,920,968,917,78,34,89,51,1930,-1570,-133,372,1000,1,0
303,6353,10,20,740,84,945,984,825,94,58,73,73,1956,-1544,-22,397,1000,1,0
304,6373,10,20,740,90,968,966,747,76,64,73,100,2100,-1400,150,458,1000,1,0
305,6393,10,20,740,64,942,952,684,76,58,61,76,1899,-1601,-7,387,1000,1,0
306,6413,10,20,740,72,942,963,647,78,27,51,76,1884,-1616,-12,383,1000,1,0
307,6433,10,20,740,82,942,966,644,76,53,66,73,1883,-1617,-118,365,1000,1,0
308,6462,10,20,740,110,942,945,692,54,30,56,58,1825,-1675,-94,356,1000,1,0
309,6482,10,20,740,129,949,940,612,61,47,68,64,1773,-1727,-38,354,1000,1,0
310,6502,10,20,740,196,961,945,590,38,30,49,62,1716,-1784,-193,315,1000,1,0
311,6522,10,20,740,292,974,972,542,65,45,84,82,1634,-1866,-246,288,1000,1,0
312,6542,10,20,740,275,980,966,503,50,45,101,40,1779,-1721,-15,359,1000,1,0
313,6562,10,20,740,223,1000,994,446,96,60,96,85,1624,-1876,3,328,1000,1,0
314,6582,10,20,740,119,993,977,465,65,47,87,53,1700,-1800,23,348,1000,1,0
315,6602,10,20,740,119,974,979,611,72,64,82,58,1775,-1725,36,367,1000,1,0
316,6622,10,20,740,106,958,965,809,87,58,77,67,1872,-1628,48,390,1000,1,0
317,6642,10,20,740,115,726,977,919,92,49,84,53,1986,-1514,66,419,1000,1,0
318,6662,10,20,740,111,242,970,947,99,47,77,64,2212,-1288,33,463,1000,1,0
319,6682,10,20,740,84,149,942,971,134,51,87,46,2496,-1004,101,537,943,1,0
320,6702,10,20,740,98,140,949,936,263,45,63,44,2577,-923,166,566,914,1,0
321,6722,10,20,740,82,130,778,952,642,36,56,44,2841,-659,171,625,855,1,0
322,6742,10,20,740,96,140,390,973,914,90,91,51,3100,-400,241,693,787,1,0
323,6762,10,20,740,76,121,135,973,965,53,110,38,3398,-102,168,746,734,1,0
324,6782,10,20,740,86,114,113,977,950,47,110,33,3414,-86,176,751,729,1,0
325,6802,10,20,740,70,114,106,965,960,53,99,82,3291,-209,-4,694,786,1,0
326,6822,10,20,740,62,82,109,936,950,70,99,29,3421,-79,20,727,753,1,0
327,6842,10,20,740,58,98,108,947,936,58,94,46,3415,-85,31,727,753,1,0
328,6862,10,20,740,66,101,87,931,952,60,96,31,3378,-122,-167,685,795,1,0
329,6882,10,20,740,76,108,116,942,970,60,66,44,3298,-202,1,696,784,1,0
330,6902,10,20,740,62,105,99,934,932,51,73,20,3366,-134,-38,705,775,1,0
331,6922,10,20,740,56,108,85,930,927,45,61,31,3361,-139,74,722,758,1,0
332,6942,10,20,740,55,89,97,942,947,47,68,35,3501,1,372,803,677,1,0
333,6962,10,20,740,55,85,81,969,952,55,54,38,3495,-5,-5,739,741,1,0
334,6982,10,20,740,62,79,111,944,947,47,63,24,3417,-83,-11,720,760,1,0
335,7003,10,20,740,68,63,125,925,945,43,40,33,3411,-89,14,723,757,1,0
336,7023,10,20,740,49,79,297,928,878,73,68,51,3276,-224,-135,668,812,1,0
337,7043,10,20,740,51,92,668,923,646,53,70,31,2990,-510,-146,603,877,1,0
338,7063,10,20,740,45,92,914,934,343,68,77,46,2739,-761,-24,569,911,1,0
339,7084,10,20,740,76,101,942,928,190,81,89,53,2558,-942,-25,529,951,1,0
340,7104,10,20,740,37,101,949,930,170,58,84,46,2543,-957,23,534,946,1,0
341,7124,10,20,740,78,143,926,946,185,36,82,51,2533,-967,-30,523,957,1,0
342,7144,10,20,740,80,143,951,934,252,45,91,58,2567,-933,24,539,941,1,0
343,7164,10,20,740,70,146,945,960,435,68,134,85,2847,-653,49,605,875,1,0
344,7184,10,20,740,82,108,888,960,549,47,56,35,2778,-722,57,591,889,1,0
345,7204,10,20,740,108,121,911,969,542,62,70,62,2647,-853,-85,538,942,1,0
346,7224,10,20,740,84,156,921,985,528,36,63,44,2727,-773,-1,570,910,1,0
347,7244,10,20,740,78,140,930,984,515,60,89,53,2729,-771,-11,569,911,1,0
348,7264,10,20,740,96,140,942,960,479,55,66,35,2705,-795,-20,562,918,1,0
349,7284,10,20,740,98,136,944,952,357,64,84,49,2640,-860,-42,544,936,1,0
350,7304,10,20,740,68,117,980,957,270,45,77,64,2593,-907,-38,534,946,1,0
351,7324,10,20,740,56,108,958,947,168,40,84,31,2538,-962,-31,524,956,1,0
352,7344,10,20,740,64,149,966,961,147,51,82,53,2497,-1003,-9,518,962,1,0
353,7364,10,20,740,102,210,970,950,103,70,113,82,2487,-1013,4,518,962,1,0
354,7384,10,20,740,60,248,945,933,63,25,58,29,2322,-1178,20,485,995,1,0
355,7405,10,20,740,82,433,1000,958,130,70,82,80,2311,-1189,44,486,994,1,0
356,7425,10,20,740,72,375,975,971,105,53,91,69,2332,-1168,60,494,986,1,0
357,7445,10,20,740,84,343,963,963,92,47,63,40,2273,-1227,-68,459,1000,1,0
358,7475,10,20,740,70,296,958,939,103,36,49,24,2369,-1131,87,506,974,1,0
359,7495,10,20,740,56,235,951,960,74,77,58,13,2337,-1163,-34,479,1000,1,0
360,7515,10,20,740,80,210,961,955,110,62,68,40,2431,-1069,74,518,962,1,0
361,7535,10,20,740,43,178,959,961,107,47,54,44,2452,-1048,86,525,955,1,0
362,7555,10,20,740,74,181,945,941,101,70,35,8,2443,-1057,-11,506,974,1,0
363,7575,10,20,740,76,191,947,952,121,60,73,26,2453,-1047,-9,509,971,1,0
364,7605,10,20,740,62,286,956,928,98,66,56,33,2295,-1205,-140,452,1000,1,0
365,7625,10,20,740,45,270,956,934,79,51,47,33,2307,-1193,-17,475,1000,1,0
366,7645,10,20,740,55,226,933,955,81,40,42,20,2344,-1156,24,490,990,1,0
367,7675,10,20,740,35,168,940,925,78,27,37,13,2372,-1128,10,494,986,1,0
368,7695,10,20,740,33,156,947,919,96,19,42,8,2377,-1123,117,513,967,1,0
369,7725,10,20,740,102,95,923,957,176,47,33,4,2512,-988,26,528,952,1,0
370,7745,10,20,740,86,146,939,960,214,36,54,22,2549,-951,9,533,947,1,0
371,7765,10,20,740,80,127,932,930,221,30,68,29,2563,-937,-96,518,962,1,0
372,7794,10,20,740,96,140,945,974,206,43,70,40,2550,-950,-8,530,950,1,0
373,7815,10,20,740,60,140,942,946,170,23,63,15,2521,-979,-13,523,957,1,0
374,7835,10,20,740,68,121,961,969,128,40,66,31,2506,-994,-9,520,960,1,0
375,7855,10,20,740,39,162,973,919,112,36,68,35,2452,-1048,-15,507,973,1,0
376,7875,10,20,740,53,171,949,974,92,30,73,46,2383,-1117,-4,494,986,1,0
377,7895,10,20,740,51,194,947,942,78,27,56,26,2359,-1141,-4,489,991,1,0
378,7915,10,20,740,27,226,965,973,70,27,44,15,2345,-1155,9,488,992,1,0
379,7935,10,20,740,92,347,963,960,108,66,89,69,2348,-1152,51,496,984,1,0
380,7955,10,20,740,80,356,966,969,105,64,96,60,2343,-1157,52,495,985,1,0
381,7975,10,20,740,78,366,930,944,88,70,73,26,2258,-1242,-233,428,1000,1,0
382,7995,10,20,740,51,429,921,941,99,47,70,31,2223,-1277,-107,441,1000,1,0
383,8025,10,20,740,68,353,911,919,72,34,37,0,2259,-1241,42,475,1000,1,0
384,8055,10,20,740,74,114,893,890,56,30,9,0,2409,-1091,164,528,952,1,0
385,8075,10,20,740,49,85,909,906,99,47,30,0,2499,-1001,-8,519,961,1,0
386,8095,10,20,740,43,38,855,909,208,23,30,0,2671,-829,67,570,910,1,0
387,8125,10,20,740,23,38,193,911,887,38,11,0,3348,-152,230,745,735,1,0
388,8145,10,20,740,17,25,54,900,918,49,14,0,3504,4,0,740,740,1,0
389,8165,10,20,740,27,0,26,871,887,36,9,0,3504,4,-3,740,740,1,0
390,8186,10,20,740,19,12,6,841,911,144,0,0,3632,132,128,790,690,1,0
391,8206,10,20,740,0,9,12,573,909,563,21,0,3995,495,198,882,598,1,0
392,8227,10,20,740,23,41,20,214,907,873,37,0,4330,830,125,943,537,1,0
393,8247,10,20,740,15,60,40,74,912,941,51,0,4507,1007,77,974,506,1,0
394,8267,10,20,740,70,28,50,47,914,929,30,0,4504,1004,-8,959,521,1,0
395,8287,10,20,740,62,50,24,38,894,946,44,11,4514,1014,3,963,517,1,0
396,8316,10,20,740,62,50,45,142,889,911,63,31,4395,895,-189,904,576,1,0
397,8336,10,20,740,39,76,40,320,912,849,68,40,4254,754,-92,890,590,1,0
398,8356,10,20,740,49,89,109,598,912,690,75,49,3945,445,-181,807,673,1,0
399,8376,10,20,740,98,130,116,739,945,625,101,107,3922,422,71,844,636,1,0
400,8396,10,20,740,113,146,142,665,960,739,148,140,3874,374,40,829,651,1,0
401,8416,10,20,740,115,149,148,439,970,896,148,107,3956,456,178,870,610,1,0
402,8436,10,20,740,159,168,162,219,972,950,179,136,4011,511,49,860,620,1,0
403,8456,10,20,740,113,133,127,125,958,948,167,105,4137,637,-3,879,601,1,0
404,8476,10,20,740,92,98,99,85,941,967,271,78,4692,1192,638,1000,370,1,0
405,8496,10,20,740,121,92,87,63,927,959,577,76,4630,1130,378,1000,428,1,0
406,8516,10,20,740,178,54,69,46,800,939,827,60,4685,1185,23,1000,476,1,0
407,8536,10,20,740,253,50,41,22,647,935,886,40,4622,1122,-82,972,508,1,0
408,8556,10,20,740,265,19,22,9,549,935,893,55,4628,1128,40,994,486,1,0
409,8576,10,20,740,318,38,12,7,529,944,879,58,4535,1035,-72,955,525,1,0
410,8596,10,20,740,320,108,48,36,513,929,886,64,4398,898,-203,903,577,1,0
411,8616,10,20,740,373,79,60,30,426,941,924,69,4486,986,-3,956,524,1,0
412,8636,10,20,740,390,47,55,17,352,948,910,64,4464,964,-212,916,564,1,0
413,8657,10,20,740,402,44,52,39,312,941,896,67,4441,941,-31,941,539,1,0
414,8678,10,20,740,410,101,85,66,234,959,926,116,4442,942,57,956,524,1,0
415,8708,10,20,740,300,54,54,15,177,935,931,116,4790,1290,85,1000,442,1,0
416,8728,10,20,740,237,22,50,28,105,944,910,93,4826,1326,43,1000,441,1,0
417,8748,10,20,740,208,0,0,28,107,939,908,67,4889,1389,93,1000,419,1,0
418,8768,10,20,740,249,15,20,20,112,961,900,89,4794,1294,-69,1000,468,1,0
419,8788,10,20,740,257,28,20,14,130,931,922,80,4779,1279,-35,1000,465,1,0
420,8808,10,20,740,308,25,15,12,221,922,938,58,4655,1155,-22,990,490,1,0
421,8828,10,20,740,333,50,12,7,317,961,936,85,4589,1089,-31,974,506,1,0
422,8848,10,20,740,337,31,6,15,377,984,929,46,4568,1068,-17,972,508,1,0
423,8868,10,20,740,359,38,17,14,508,961,846,24,4455,955,-81,936,544,1,0
424,8888,10,20,740,320,105,41,46,747,967,525,42,4158,658,-252,841,639,1,0
425,8908,10,20,740,278,85,64,39,912,961,158,40,4071,571,-50,857,623,1,0
426,8937,10,20,740,108,95,62,68,963,974,89,22,4265,765,5,909,571,1,0
427,8957,10,20,740,51,114,62,95,947,920,70,6,4291,791,-218,876,604,1,0
428,8977,10,20,740,19,82,62,833,956,221,58,8,3695,195,-238,742,738,1,0
429,8997,10,20,740,0,63,47,938,918,70,25,0,3494,-6,-19,736,744,1,0
430,9027,10,20,740,5,63,757,931,637,79,49,11,2948,-552,-446,543,937,1,0
431,9047,10,20,740,0,54,878,941,139,34,51,22,2622,-878,-123,526,954,1,0
432,9067,10,20,740,9,79,891,915,49,58,44,29,2506,-994,-2,521,959,1,0
433,9087,10,20,740,19,168,864,903,49,40,30,15,2379,-1121,-33,488,992,1,0
434,9107,10,20,740,37,235,864,884,67,38,37,6,2327,-1173,-33,477,1000,1,0
435,9127,10,20,740,35,232,874,892,52,40,2,0,2330,-1170,4,484,996,1,0
436,9147,10,20,740,78,194,867,882,81,43,16,0,2354,-1146,22,492,988,1,0
437,9167,10,20,740,78,143,907,855,70,32,11,2,2373,-1127,-7,491,989,1,0
438,9187,10,20,740,98,149,937,876,108,27,30,0,2455,-1045,70,522,958,1,0
439,9207,10,20,740,74,127,947,907,116,15,96,0,2482,-1018,15,519,961,1,0
440,9227,10,20,740,100,140,959,946,166,43,96,49,2405,-1095,24,504,976,1,0
441,9247,10,20,740,78,127,958,941,203,45,91,38,2547,-953,41,538,942,1,0
442,9268,10,20,740,58,114,932,961,221,25,66,35,2578,-922,39,544,936,1,0
443,9288,10,20,740,55,92,949,957,194,66,91,49,2640,-860,56,561,919,1,0
444,9308,10,20,740,72,108,947,965,243,55,84,49,2593,-907,12,543,937,1,0
445,9338,10,20,740,84,124,959,949,194,55,66,51,2544,-956,-10,528,952,1,0
446,9358,10,20,740,74,149,965,936,143,60,73,53,2489,-1011,-192,485,995,1,0
447,9387,10,20,740,68,251,973,947,99,53,56,58,2320,-1180,-121,460,1000,1,0
448,9407,10,20,740,58,305,968,939,87,47,73,46,2286,-1214,-40,467,1000,1,0
449,9427,10,20,740,58,347,958,934,88,17,37,8,2262,-1238,-4,467,1000,1,0
450,9447,10,20,740,60,388,944,961,68,43,49,17,2249,-1251,23,469,1000,1,0
451,9467,10,20,740,84,382,979,961,101,53,87,51,2322,-1178,75,494,986,1,0
452,9487,10,20,740,49,388,963,949,74,43,56,29,2243,-1257,-17,461,1000,1,0
453,9507,10,20,740,39,363,956,952,90,15,54,29,2259,-1241,-64,457,1000,1,0
454,9527,10,20,740,51,401,959,961,132,68,101,71,2480,-1020,58,526,954,1,0
455,9547,10,20,740,70,391,968,968,88,25,54,26,2247,-1253,16,468,1000,1,0
456,9567,10,20,740,49,337,958,944,87,49,51,40,2271,-1229,-35,464,1000,1,0
457,9587,10,20,740,53,315,963,960,117,58,87,73,2373,-1127,94,509,971,1,0
458,9607,10,20,740,88,277,972,968,116,47,89,76,2395,-1105,75,510,970,1,0
459,9627,10,20,740,68,283,1000,952,132,83,103,89,2544,-956,150,556,924,1,0
460,9647,10,20,740,86,203,972,966,134,79,103,123,2822,-678,411,661,819,1,0
461,9667,10,20,740,78,146,952,941,105,60,82,78,2468,-1032,-3,513,967,1,0
462,9687,10,20,740,11,108,951,952,92,75,82,69,2419,-1081,0,503,977,1,0
463,9707,10,20,740,33,92,942,922,127,43,70,49,2590,-910,78,554,926,1,0
464,9727,10,20,740,51,76,825,930,328,81,75,71,2761,-739,126,599,881,1,0
465,9747,10,20,740,19,50,376,922,776,79,73,69,3192,-308,246,715,765,1,0
466,9767,10,20,740,5,28,73,904,900,90,70,42,3498,-2,122,760,720,1,0
467,9787,10,20,740,23,57,60,903,909,86,87,44,3501,1,-82,727,753,1,0
468,9807,10,20,740,15,28,69,861,896,184,61,42,3651,151,55,782,698,1,0
469,9827,10,20,740,43,50,48,606,909,569,89,62,3982,482,178,876,604,1,0
470,9847,10,20,740,19,44,41,195,909,892,115,44,4439,939,235,986,494,1,0
471,9867,10,20,740,64,54,50,82,901,944,80,38,4511,1011,104,980,500,1,0
472,9887,10,20,740,31,41,50,58,898,952,66,11,4514,1014,12,965,515,1,0
473,9907,10,20,740,43,57,50,61,903,944,84,4,4511,1011,7,963,517,1,0
474,9927,10,20,740,11,89,6,55,901,959,70,0,4515,1015,2,963,517,1,0
475,9947,10,20,740,78,60,62,190,918,926,96,38,4361,861,-148,904,576,1,0
476,9967,10,20,740,74,60,60,426,931,832,84,42,4185,685,-103,873,607,1,0
477,9987,10,20,740,53,47,67,541,905,769,80,49,4102,602,-42,865,615,1,0
478,10007,10,20,740,37,22,52,585,920,733,58,29,4066,566,-7,863,617,1,0
479,10028,10,20,740,37,60,48,482,927,843,84,46,4160,660,94,901,579,1,0
480,10048,10,20,740,17,31,48,298,901,946,75,26,4302,802,60,926,554,1,0
481,10068,10,20,740,33,25,48,201,920,950,84,26,4361,861,47,937,543,1,0
482,10088,10,20,740,56,35,67,96,914,929,94,17,4504,1004,89,976,504,1,0
483,10108,10,20,740,11,25,40,58,900,937,82,11,4510,1010,2,962,518,1,0
484,10128,10,20,740,31,22,19,31,889,954,87,38,4517,1017,-4,963,517,1,0
485,10148,10,20,740,29,28,57,65,909,944,113,35,4595,1095,-11,979,501,1,0
486,10168,10,20,740,33,38,40,36,918,941,115,42,4593,1093,-4,979,501,1,0
487,10188,10,20,740,17,9,22,44,887,935,84,8,4513,1013,-6,961,519,1,0
488,10208,10,20,740,25,3,12,46,905,918,103,11,4583,1083,-22,974,506,1,0
489,10228,10,20,740,33,31,47,71,905,941,132,26,4609,1109,3,984,496,1,0
490,10248,10,20,740,66,54,41,74,920,916,120,22,4591,1091,2,980,500,1,0
491,10268,10,20,740,5,28,20,31,898,939,73,0,4511,1011,-74,949,531,1,0
492,10288,10,20,740,23,22,57,47,887,941,99,4,4514,1014,11,964,516,1,0
493,10308,10,20,740,33,50,62,46,898,935,94,15,4510,1010,-5,961,519,1,0
494,10328,10,20,740,37,38,45,38,907,926,73,0,4505,1005,-3,960,520,1,0
495,10348,10,20,740,60,44,38,42,929,937,82,0,4502,1002,-78,947,533,1,0
496,10368,10,20,740,11,35,27,55,921,946,84,0,4506,1006,5,962,518,1,0
497,10388,10,20,740,55,38,48,73,929,952,103,4,4583,1083,86,992,488,1,0
498,10408,10,20,740,43,98,41,71,936,939,120,0,4590,1090,21,983,497,1,0
499,10428,10,20,740,27,38,48,47,911,941,127,13,4603,1103,16,985,495,1,0
500,10448,10,20,740,49,57,60,50,940,952,143,24,4608,1108,11,985,495,1,0
501,10468,10,20,740,58,50,57,58,925,952,73,24,4507,1007,-8,960,520,1,0
502,10488,10,20,740,13,31,43,47,950,952,82,13,4500,1000,-5,959,521,1,0
503,10509,10,20,740,45,54,55,271,941,834,80,20,4275,775,-128,888,592,1,0
504,10529,10,20,740,68,95,90,809,963,217,73,38,3702,202,-294,735,745,1,0
505,10549,10,20,740,53,70,88,971,947,75,75,40,3493,-7,-14,737,743,1,0
506,10569,10,20,740,45,73,92,949,932,60,63,40,3495,-5,68,750,730,1,0
507,10589,10,20,740,64,105,264,941,920,66,75,69,3200,-300,-213,638,842,1,0
508,10609,10,20,740,56,89,716,960,653,53,84,33,2972,-528,-202,590,890,1,0
509,10629,10,20,740,56,111,937,950,264,55,75,46,2604,-896,-132,521,959,1,0
510,10649,10,20,740,31,117,935,965,125,38,77,64,2512,-988,-25,519,961,1,0
511,10670,10,20,740,43,121,942,928,85,36,75,55,2405,-1095,-99,483,997,1,0
512,10690,10,20,740,51,117,958,961,87,25,58,49,2414,-1086,9,503,977,1,0
513,10710,10,20,740,68,127,951,953,107,49,51,46,2486,-1014,74,530,950,1,0
514,10740,10,20,740,72,124,939,939,257,53,73,51,2588,-912,47,548,932,1,0
515,10761,10,20,740,96,130,907,958,453,43,63,17,2708,-792,163,594,886,1,0
516,10781,10,20,740,94,152,885,950,602,79,68,53,2773,-727,63,591,889,1,0
517,10801,10,20,740,76,171,836,980,695,66,80,46,2819,-681,7,592,888,1,0
518,10821,10,20,740,64,124,848,969,745,75,54,22,2869,-631,-106,584,896,1,0
519,10841,10,20,740,70,146,891,957,651,47,58,53,2798,-702,-71,574,906,1,0
520,10861,10,20,740,78,143,961,968,493,43,51,22,2706,-794,74,578,902,1,0
521,10881,10,20,740,72,143,959,955,353,43,61,35,2629,-871,81,563,917,1,0
522,10901,10,20,740,108,171,986,969,266,53,68,51,2445,-1055,-148,483,997,1,0
523,10931,10,20,740,88,146,968,965,163,25,56,29,2510,-990,-2,522,958,1,0
524,10951,10,20,740,43,130,961,949,165,55,63,53,2521,-979,3,526,954,1,0
525,10971,10,20,740,29,101,944,946,134,34,35,15,2523,-977,17,528,952,1,0
526,10991,10,20,740,25,127,942,938,96,12,23,2,2404,-1096,-98,483,997,1,0
527,11011,10,20,740,35,165,958,950,79,38,40,29,2378,-1122,-5,493,987,1,0
528,11031,10,20,740,39,194,963,942,94,47,63,24,2356,-1144,-22,485,995,1,0
529,11061,10,20,740,62,216,973,955,119,51,96,58,2431,-1069,97,522,958,1,0
530,11081,10,20,740,53,156,961,950,96,15,49,40,2384,-1116,9,497,983,1,0
531,11101,10,20,740,45,105,937,928,108,34,35,31,2500,-1000,24,525,955,1,0
532,11121,10,20,740,76,111,942,944,145,38,61,35,2524,-976,18,529,951,1,0
533,11141,10,20,740,62,146,961,955,157,66,75,71,2506,-994,13,524,956,1,0
534,11161,10,20,740,86,152,940,933,139,53,84,71,2489,-1011,2,518,962,1,0
535,11181,10,20,740,39,171,911,888,88,47,44,20,2363,-1137,-92,475,1000,1,0
536,11201,10,20,740,49,200,911,909,78,27,47,4,2350,-1150,-41,481,999,1,0
537,11221,10,20,740,35,191,888,890,61,23,18,35,2355,-1145,-4,488,992,1,0
538,11241,10,20,740,0,178,885,895,65,15,28,0,2366,-1134,20,494,986,1,0
539,11261,10,20,740,19,207,883,887,87,23,21,8,2343,-1157,-12,484,996,1,0
540,11281,10,20,740,33,226,888,903,54,34,21,13,2335,-1165,-14,482,998,1,0
541,11301,10,20,740,25,181,883,904,74,25,14,0,2367,-1133,11,493,987,1,0
542,11321,10,20,740,27,178,888,895,88,27,18,24,2365,-1135,0,491,989,1,0
543,11341,10,20,740,60,168,900,903,74,8,16,20,2372,-1128,-4,492,988,1,0
544,11361,10,20,740,49,203,937,933,112,27,96,35,2436,-1064,57,516,964,1,0
545,11381,10,20,740,37,187,961,941,116,27,77,35,2447,-1053,-7,508,972,1,0
546,11401,10,20,740,47,175,973,946,132,51,49,8,2464,-1036,12,515,965,1,0
547,11421,10,20,740,76,213,991,971,130,66,58,42,2441,-1059,-10,506,974,1,0
548,11451,10,20,740,43,245,972,934,70,58,37,15,2320,-1180,-20,477,1000,1,0
549,11471,10,20,740,51,197,963,912,112,51,21,0,2429,-1071,96,521,959,1,0
550,11491,10,20,740,3,130,951,895,105,32,25,11,2468,-1032,23,517,963,1,0
551,11511,10,20,740,62,111,947,931,132,43,30,2,2511,-989,31,528,952,1,0
552,11531,10,20,740,41,95,926,934,112,60,61,26,2587,-913,84,554,926,1,0
553,11551,10,20,740,33,89,904,933,101,38,108,49,2765,-735,247,621,859,1,0
554,11580,10,20,740,64,117,891,917,303,70,56,69,2631,-869,-159,522,958,1,0
555,11600,10,20,740,104,133,837,911,446,86,54,26,2601,-899,-72,530,950,1,0
556,11620,10,20,740,123,149,679,938,695,86,82,49,2748,-752,28,580,900,1,0
557,11640,10,20,740,141,203,355,942,923,88,125,87,3042,-458,48,648,832,1,0
558,11660,10,20,740,149,168,210,987,970,96,134,107,3296,-204,148,721,759,1,0
559,11680,10,20,740,161,149,158,957,985,88,146,109,3345,-155,-29,701,779,1,0
560,11700,10,20,740,115,124,130,969,961,94,110,98,3235,-265,-126,661,819,1,0
561,11720,10,20,740,153,146,139,944,976,109,132,96,3269,-231,-196,656,824,1,0
562,11740,10,20,740,113,130,123,968,972,111,99,87,3195,-305,-137,650,830,1,0
563,11760,10,20,740,135,105,114,963,972,98,106,76,3234,-266,-22,678,802,1,0
564,11780,10,20,740,113,117,109,946,972,101,110,98,3333,-167,199,738,742,1,0
565,11800,10,20,740,96,124,116,946,980,122,110,89,3496,-4,328,794,686,1,0
566,11820,10,20,740,56,105,111,917,970,126,110,93,3526,26,198,779,701,1,0
567,11840,10,20,740,88,85,106,934,960,144,115,91,3658,158,139,798,682,1,0
568,11860,10,20,740,84,70,116,928,952,133,101,89,3630,130,-180,738,742,1,0
569,11880,10,20,740,49,57,73,922,943,120,103,85,3714,214,188,819,661,1,0
570,11901,10,20,740,227,92,128,944,950,120,106,93,3282,-218,-356,632,848,1,0
571,11921,10,20,740,137,121,127,960,969,124,108,111,3453,-47,-13,728,752,1,0
572,11941,10,20,740,141,114,144,953,976,118,113,91,3295,-205,-238,655,825,1,0
573,11961,10,20,740,115,117,134,933,963,113,94,82,3200,-300,-595,573,907,1,0
574,11981,10,20,740,98,146,203,957,978,124,113,107,3570,70,238,795,685,1,0
575,12001,10,20,740,110,111,247,946,912,94,89,78,3048,-452,-204,606,874,1,0
576,12031,10,20,740,80,95,282,950,907,98,94,62,3292,-208,124,716,764,1,0
577,12061,10,20,740,66,114,355,934,903,109,106,82,3339,-161,156,732,748,1,0
578,12081,10,20,740,102,127,580,953,838,98,115,87,3015,-485,75,647,833,1,0
579,12101,10,20,740,110,149,794,968,689,70,99,71,2729,-771,-414,500,980,1,0
580,12121,10,20,740,100,124,902,957,479,79,110,80,2760,-740,0,578,902,1,0
581,12141,10,20,740,100,143,951,960,368,86,110,105,2846,-654,182,628,852,1,0
582,12161,10,20,740,90,143,961,952,214,70,106,100,2872,-628,175,632,848,1,0
583,12181,10,20,740,56,162,945,925,101,83,84,87,2452,-1048,-135,487,993,1,0
584,12201,10,20,740,131,480,959,952,134,113,115,105,2602,-898,-38,536,944,1,0
585,12221,10,20,740,80,802,947,957,103,109,77,87,2235,-1265,42,469,1000,1,0
586,12241,10,20,740,98,914,951,874,78,58,87,73,1985,-1515,-267,362,1000,1,0
587,12271,10,20,740,115,920,925,569,70,53,82,89,1770,-1730,-390,294,1000,1,0
588,12291,10,20,740,204,945,942,423,79,88,75,165,1960,-1540,25,406,1000,1,0
589,12311,10,20,740,231,926,925,392,70,51,47,76,1597,-1903,-39,315,1000,1,0
590,12332,10,20,740,316,942,905,371,78,36,56,87,1525,-1975,-279,259,1000,1,0
591,12352,10,20,740,265,933,902,398,65,32,44,69,1573,-1927,45,324,1000,1,0
592,12373,10,20,740,212,917,905,509,72,32,23,24,1672,-1828,45,346,1000,1,0
593,12403,10,20,740,131,926,909,711,61,19,44,40,1821,-1679,43,378,1000,1,0
594,12423,10,20,740,113,891,900,815,72,34,47,53,1888,-1612,24,390,1000,1,0
595,12443,10,20,740,78,866,885,834,38,19,30,22,1987,-1513,13,410,1000,1,0
596,12464,10,20,740,72,894,874,806,19,32,54,38,1965,-1535,-4,402,1000,1,0
597,12484,10,20,740,190,917,895,674,78,55,44,58,1767,-1733,-182,328,1000,1,0
598,12504,10,20,740,314,917,909,553,59,60,80,69,1631,-1869,-54,320,1000,1,0
599,12524,10,20,740,520,936,926,469,92,68,80,102,1662,-1838,61,347,1000,1,0
600,12544,10,20,740,618,936,925,400,76,32,70,85,1384,-2116,-426,203,1000,1,0
601,12564,10,20,740,703,920,897,290,56,43,58,53,1275,-2225,-43,244,1000,1,0
602,12594,10,20,740,273,891,888,295,32,23,35,13,1513,-1987,165,331,1000,1,0
603,12614,10,20,740,76,907,893,531,27,21,23,6,1838,-1662,210,411,1000,1,0
604,12634,10,20,740,58,856,898,812,25,23,4,0,1982,-1518,80,420,1000,1,0
605,12654,10,20,740,53,633,893,876,67,8,11,0,2101,-1399,75,445,1000,1,0
606,12674,10,20,740,55,191,895,874,30,12,4,0,2348,-1152,126,508,972,1,0
607,12694,10,20,740,53,101,930,917,87,27,42,4,2418,-1082,5,503,977,1,0
608,12714,10,20,740,33,95,886,917,166,47,73,20,2634,-866,128,572,908,1,0
609,12734,10,20,740,80,95,853,903,401,23,21,0,2790,-710,212,620,860,1,0
610,12754,10,20,740,62,76,616,915,715,49,47,33,3044,-456,138,664,816,1,0
611,12784,10,20,740,66,82,203,920,876,58,56,26,3336,-164,63,715,765,1,0
612,12805,10,20,740,53,95,160,912,892,49,51,29,3372,-128,-12,710,770,1,0
613,12825,10,20,740,131,111,196,941,941,111,96,91,3144,-356,-238,622,858,1,0
614,12855,10,20,740,90,73,125,934,934,90,73,62,3405,-95,160,746,734,1,0
615,12875,10,20,740,58,44,92,911,918,83,101,42,3632,132,215,805,675,1,0
616,12895,10,20,740,7,38,67,879,891,79,44,17,3503,3,2,741,739,1,0
617,12925,10,20,740,49,25,102,876,911,62,21,0,3428,-72,-71,713,767,1,0
618,12945,10,20,740,41,31,109,896,905,49,23,0,3416,-84,7,723,757,1,0
619,12965,10,20,740,55,57,158,893,912,60,47,2,3384,-116,-26,711,769,1,0
620,12985,10,20,740,37,25,153,898,889,43,25,0,3379,-121,-17,711,769,1,0
621,13005,10,20,740,51,50,249,895,865,43,37,4,3306,-194,-42,691,789,1,0
622,13034,10,20,740,49,28,240,904,858,32,9,0,3308,-192,11,700,780,1,0
623,13055,10,20,740,33,25,243,911,887,36,9,0,3315,-185,28,705,775,1,0
624,13075,10,20,740,37,50,153,914,912,851,51,0,3869,369,439,895,585,1,0
625,13095,10,20,740,21,35,45,296,907,935,884,71,4796,1296,598,1000,354,1,0
626,13115,10,20,740,45,38,48,31,448,952,922,731,5634,2134,465,1000,192,1,0
627,13135,10,20,740,64,15,48,20,56,918,941,914,5998,2498,14,1000,189,1,0
628,13155,10,20,740,208,41,47,15,29,683,910,941,5638,2138,-410,1000,340,1,0
629,13184,10,20,740,145,38,13,4,27,701,926,928,5761,2261,240,1000,202,1,0
630,13205,10,20,740,66,38,27,9,41,877,922,854,5991,2491,-63,1000,203,1,0
631,13226,10,20,740,66,22,17,9,67,933,933,319,5718,2218,-168,1000,281,1,0
632,13246,10,20,740,249,19,41,14,103,989,929,53,4815,1315,-228,990,490,1,0
633,13266,10,20,740,318,47,54,30,765,959,650,55,4366,866,-117,910,570,1,0
634,13286,10,20,740,110,41,59,55,907,965,176,15,4406,906,93,955,525,1,0
635,13306,10,20,740,68,70,60,28,914,935,94,24,4505,1005,265,1000,474,1,0
636,13326,10,20,740,47,57,60,68,901,941,66,44,4510,1010,5,963,517,1,0
637,13346,10,20,740,47,12,54,380,918,716,66,8,4166,666,-212,850,630,1,0
638,13366,10,20,740,23,35,64,839,932,191,40,2,3669,169,-211,741,739,1,0
639,13386,10,20,740,49,89,118,920,918,96,47,15,3408,-92,-189,688,792,1,0
640,13406,10,20,740,86,95,111,930,923,103,56,35,3492,-8,204,772,708,1,0
641,13426,10,20,740,96,98,109,904,914,109,56,38,3502,2,100,757,723,1,0
642,13446,10,20,740,37,50,81,885,901,75,28,24,3504,4,-2,740,740,1,0
643,13466,10,20,740,39,38,76,890,882,47,28,0,3497,-3,1,740,740,1,0
644,13486,10,20,740,51,41,52,880,887,62,23,0,3501,1,-4,740,740,1,0
645,13506,10,20,740,53,31,73,917,901,60,11,0,3495,-5,0,739,741,1,0
646,13526,10,20,740,27,25,59,868,920,75,23,0,3514,14,16,745,735,1,0
647,13546,10,20,740,41,47,66,911,907,60,25,6,3498,-2,2,740,740,1,0
648,13575,10,20,740,1,57,62,869,892,88,42,0,3506,6,2,741,739,1,0
649,13595,10,20,740,21,54,38,895,882,62,23,15,3496,-4,-13,737,743,1,0
650,13615,10,20,740,31,47,81,887,918,116,56,17,3598,98,86,776,704,1,0
651,13635,10,20,740,49,28,69,879,912,103,89,24,3590,90,-7,758,722,1,0
652,13655,10,20,740,33,47,87,865,905,122,68,49,3607,107,102,780,700,1,0
653,13675,10,20,740,21,66,175,911,912,154,87,44,3485,-15,-118,717,763,1,0
654,13695,10,20,740,98,337,935,941,932,133,99,98,2874,-626,-175,573,907,1,0
655,13715,10,20,740,210,968,944,944,197,66,99,98,1984,-1516,-367,345,1000,1,0
656,13735,10,20,740,899,945,935,212,54,36,61,26,1153,-2347,-355,164,1000,1,0
657,13755,10,20,740,886,917,825,49,5,12,35,13,976,-2524,-31,180,1000,1,0
658,13775,10,20,740,872,894,702,31,21,27,49,69,931,-2569,-17,172,1000,1,0
659,13796,10,20,740,889,926,846,28,45,40,40,281,1558,-1942,220,351,1000,1,0
660,13816,10,20,740,461,917,886,50,23,47,35,295,1857,-1643,200,413,1000,1,0
661,13836,10,20,740,64,882,893,133,38,53,61,286,2310,-1190,206,514,966,1,0
662,13856,10,20,740,70,869,891,353,41,30,42,250,2310,-1190,-15,476,1000,1,0
663,13876,10,20,740,68,850,898,653,78,53,63,266,2424,-1076,101,521,959,1,0
664,13896,10,20,740,53,550,886,869,36,40,35,134,2405,-1095,-7,498,982,1,0
665,13916,10,20,740,27,152,909,882,74,68,30,82,2375,-1125,-170,464,1000,1,0
666,13937,10,20,740,23,98,907,900,59,40,35,24,2498,-1002,3,521,959,1,0
667,13957,10,20,740,31,47,890,888,117,32,25,22,2592,-908,90,556,924,1,0
668,13977,10,20,740,0,41,799,882,341,27,21,0,2773,-727,110,599,881,1,0
669,13998,10,20,740,72,82,435,917,760,45,30,15,3153,-347,218,701,779,1,0
670,14018,10,20,740,49,70,148,898,903,45,37,15,3387,-113,101,733,747,1,0
671,14038,10,20,740,43,38,78,896,909,60,28,2,3503,3,116,760,720,1,0
672,14068,10,20,740,27,35,48,888,927,60,23,0,3510,10,4,742,738,1,0
673,14088,10,20,740,58,31,87,907,901,51,33,15,3498,-2,-6,739,741,1,0
674,14108,10,20,740,23,50,80,906,909,70,30,4,3500,0,-3,740,740,1,0
675,14128,10,20,740,45,41,85,912,914,70,23,4,3500,0,-9,739,741,1,0
676,14148,10,20,740,33,60,57,876,901,53,30,0,3507,7,7,742,738,1,0
677,14168,10,20,740,41,57,59,884,878,49,14,0,3498,-2,-8,739,741,1,0
678,14188,10,20,740,62,47,101,895,909,34,33,13,3424,-76,-85,709,771,1,0
679,14208,10,20,740,43,44,57,893,912,45,33,0,3505,5,4,741,739,1,0
680,14228,10,20,740,39,54,78,909,907,62,14,0,3499,-1,-5,739,741,1,0
681,14258,10,20,740,82,73,99,830,927,400,66,22,3800,300,167,834,646,1,0
682,14278,10,20,740,72,89,101,496,932,843,89,29,4061,561,101,880,600,1,0
683,14298,10,20,740,70,54,71,146,925,974,94,22,4404,904,229,977,503,1,0
684,14318,10,20,740,55,50,31,49,909,950,139,24,4614,1114,110,1000,477,1,0
685,14338,10,20,740,70,38,59,44,920,950,438,0,4791,1291,115,1000,437,1,0
686,14358,10,20,740,51,15,19,12,889,941,738,0,4941,1441,67,1000,412,1,0
687,14388,10,20,740,47,15,3,26,751,950,919,15,5064,1564,37,1000,390,1,0
688,14408,10,20,740,82,47,59,33,678,935,919,53,5095,1595,14,1000,387,1,0
689,14428,10,20,740,111,35,40,34,932,956,915,40,4803,1303,-275,979,501,1,0
690,14448,10,20,740,23,28,31,15,716,965,905,78,5073,1573,195,1000,361,1,0
691,14468,10,20,740,62,9,17,25,774,948,926,58,5057,1557,-11,1000,400,1,0
692,14488,10,20,740,0,15,24,4,742,967,910,53,5064,1564,4,1000,396,1,0
693,14508,10,20,740,62,41,31,19,725,946,919,49,5074,1574,19,1000,391,1,0
694,14529,10,20,740,11,28,3,23,744,944,900,69,5060,1560,2,1000,397,1,0
695,14549,10,20,740,11,22,27,19,729,952,910,67,5069,1569,2,1000,395,1,0
696,14578,10,20,740,35,31,27,20,611,946,924,138,5224,1724,115,1000,342,1,0
697,14598,10,20,740,23,35,29,17,529,946,917,208,5309,1809,49,1000,334,1,0
698,14619,10,20,740,41,31,34,15,402,946,938,286,5430,1930,68,1000,304,1,0
699,14639,10,20,740,55,22,31,9,290,965,941,384,5550,2050,53,1000,280,1,0
700,14659,10,20,740,55,31,6,39,290,974,941,440,5578,2078,19,1000,280,1,0
701,14679,10,20,740,17,3,27,11,326,969,976,380,5531,2031,-24,1000,298,1,0
702,14709,10,20,740,29,38,31,23,446,980,966,297,5414,1914,-53,1000,328,1,0
703,14729,10,20,740,35,66,54,41,600,978,962,210,5284,1784,-69,1000,360,1,0
704,14749,10,20,740,17,70,66,58,725,956,969,127,5179,1679,-65,1000,382,1,0
705,14778,10,20,740,47,89,69,19,709,974,936,129,5176,1676,158,1000,345,1,0
706,14798,10,20,740,43,89,66,22,640,969,950,183,5246,1746,167,1000,328,1,0
707,14818,10,20,740,29,66,22,26,533,967,945,268,5349,1849,77,1000,321,1,0
708,14838,10,20,740,56,12,31,19,419,961,926,362,5461,1961,48,1000,301,1,0
709,14858,10,20,740,82,41,38,36,361,961,922,456,5545,2045,20,1000,287,1,0
710,14878,10,20,740,82,47,47,15,323,948,936,536,5614,2114,38,1000,269,1,0
711,14898,10,20,740,64,25,36,15,373,959,919,402,5508,2008,-50,1000,307,1,0
712,14918,10,20,740,47,28,15,17,528,972,919,261,5340,1840,-98,1000,352,1,0
713,14939,10,20,740,49,28,19,15,682,952,919,140,5191,1691,-92,1000,384,1,0
714,14959,10,20,740,19,85,15,25,733,946,915,111,5149,1649,-20,1000,381,1,0
715,14979,10,20,740,25,31,3,26,753,931,905,91,5058,1558,-85,1000,412,1,0
716,14999,10,20,740,60,70,36,46,656,937,922,125,5195,1695,44,1000,360,1,0
717,15019,10,20,740,45,50,43,14,533,935,905,87,5156,1656,32,1000,371,1,0
718,15039,10,20,740,41,63,17,30,479,937,886,20,5176,1676,20,1000,368,1,0
719,15059,10,20,740,100,70,34,17,537,933,889,29,4939,1439,-239,1000,465,1,0
720,15079,10,20,740,86,38,33,7,713,933,865,17,5060,1560,147,1000,372,1,0
721,15099,10,20,740,104,63,31,22,849,946,566,8,4674,1174,-87,983,497,1,0
722,15119,10,20,740,106,70,34,20,876,913,162,0,4395,895,-332,880,600,1,0
723,15139,10,20,740,76,35,24,26,894,907,35,0,4503,1003,-15,958,522,1,0
724,15159,10,20,740,88,44,45,55,889,933,87,2,4512,1012,-2,962,518,1,0
725,15179,10,20,740,96,76,71,241,909,873,77,24,4312,812,-198,884,596,1,0
726,15199,10,20,740,96,98,71,677,911,402,66,0,3861,361,-242,778,702,1,0
727,15219,10,20,740,84,66,80,877,894,122,40,0,3601,101,96,778,702,1,0
728,15239,10,20,740,100,105,104,892,918,77,40,17,3143,-357,62,672,808,1,0
729,15259,10,20,740,72,117,121,895,911,77,44,11,3272,-228,0,690,790,1,0
730,15279,10,20,740,90,124,111,915,909,96,66,44,3267,-233,-51,681,799,1,0
731,15299,10,20,740,84,105,116,841,969,243,80,42,3496,-4,243,780,700,1,0
732,15319,10,20,740,88,95,111,577,972,574,101,67,3990,490,138,871,609,1,0
733,15339,10,20,740,110,114,142,428,974,722,120,82,3796,296,-48,796,684,1,0
734,15359,10,20,740,92,73,104,409,932,701,101,33,4127,627,299,928,552,1,0
735,15379,10,20,740,53,57,67,401,961,643,56,24,4120,620,-23,872,608,1,0
736,15399,10,20,740,76,85,116,590,947,479,68,42,3839,339,-222,776,704,1,0
737,15419,10,20,740,49,57,66,790,947,234,47,20,3717,217,-120,767,713,1,0
738,15439,10,20,740,55,50,88,901,929,107,47,29,3590,90,-51,751,729,1,0
739,15459,10,20,740,25,63,69,907,918,62,42,29,3503,3,-7,740,740,1,0
740,15479,10,20,740,35,41,73,906,921,53,61,22,3504,4,-1,740,740,1,0
741,15500,10,20,740,47,41,78,903,923,60,68,22,3505,5,1,741,739,1,0
742,15521,10,20,740,29,54,80,917,914,81,70,17,3499,-1,-8,739,741,1,0
743,15551,10,20,740,33,82,62,915,932,62,58,24,3504,4,102,758,722,1,0
744,15572,10,20,740,27,73,80,942,923,92,54,33,3494,-6,-7,738,742,1,0
745,15602,10,20,740,41,66,87,907,952,92,70,31,3512,12,9,744,736,1,0
746,15622,10,20,740,27,60,64,903,912,137,58,29,3607,107,-2,763,717,1,0
747,15642,10,20,740,45,47,74,887,912,83,56,24,3506,6,-27,737,743,1,0
748,15662,10,20,740,0,35,55,877,912,34,49,8,3509,9,2,742,738,1,0
749,15682,10,20,740,3,0,57,884,903,62,61,0,3505,5,3,741,739,1,0
750,15702,10,20,740,47,66,90,919,920,88,49,22,3500,0,0,740,740,1,0
751,15732,10,20,740,0,25,50,890,905,460,63,29,3809,309,303,859,621,1,0
752,15752,10,20,740,43,38,59,834,920,931,655,38,4421,921,411,1000,468,1,0
753,15773,10,20,740,3,38,54,20,849,950,955,510,5344,1844,482,1000,253,1,0
754,15793,10,20,740,7,38,20,12,52,944,938,950,6002,2502,247,1000,148,1,0
755,15813,10,20,740,21,38,60,53,67,862,971,950,6031,2531,20,1000,180,1,0
756,15833,10,20,740,218,41,47,19,30,853,955,966,5600,2100,-440,1000,353,1,0
757,15853,10,20,740,337,44,47,14,52,935,945,892,5335,1835,-88,1000,352,1,0
758,15874,10,20,740,363,50,69,22,52,969,952,326,4919,1419,-201,1000,462,1,0
759,15894,10,20,740,363,73,78,53,130,967,957,80,4591,1091,-166,951,529,1,0
760,15914,10,20,740,408,121,111,74,297,984,971,111,4346,846,-177,896,584,1,0
761,15934,10,20,740,361,70,64,36,451,978,896,67,4493,993,22,962,518,1,0
762,15955,10,20,740,357,85,80,42,727,950,679,44,4324,824,-120,900,580,1,0
763,15985,10,20,740,208,63,60,44,925,950,186,29,4215,715,45,904,576,1,0
764,16005,10,20,740,151,66,52,30,931,931,117,29,4263,763,147,932,548,1,0
765,16025,10,20,740,66,54,64,46,914,933,66,31,4505,1005,458,1000,442,1,0
766,16045,10,20,740,45,63,62,39,925,937,73,26,4503,1003,-2,960,520,1,0
767,16075,10,20,740,21,89,48,414,914,658,56,11,4122,622,-245,835,645,1,0
768,16095,10,20,740,17,54,57,877,923,135,25,0,3616,116,-193,733,747,1,0
769,16125,10,20,740,56,76,85,904,945,60,51,31,3511,11,8,743,737,1,0
770,16145,10,20,740,78,92,88,925,936,60,82,11,3502,2,-5,740,740,1,0
771,16165,10,20,740,84,82,97,926,927,62,68,53,3500,0,73,752,728,1,0
772,16185,10,20,740,108,92,142,925,967,96,110,51,3369,-131,-46,704,776,1,0
773,16205,10,20,740,102,73,116,928,927,86,75,53,3243,-257,4,685,795,1,0
774,16226,10,20,740,129,98,128,934,938,92,87,67,3198,-302,0,674,806,1,0
775,16255,10,20,740,96,47,78,907,912,47,37,0,3501,1,-9,739,741,1,0
776,16275,10,20,740,82,85,76,911,929,58,37,13,3504,4,7,742,738,1,0
777,16295,10,20,740,74,82,108,900,936,68,54,40,3425,-75,10,726,754,1,0
778,16315,10,20,740,82,66,111,912,938,86,51,33,3421,-79,-84,709,771,1,0
779,16335,10,20,740,78,70,90,919,929,83,66,24,3502,2,-5,740,740,1,0
780,16355,10,20,740,56,98,813,917,927,73,61,29,3042,-458,-318,586,894,1,0
781,16375,10,20,740,55,859,907,900,794,62,61,26,2470,-1030,-336,457,1000,1,0
782,16395,10,20,740,689,942,921,834,47,38,44,40,1561,-1939,-470,234,1000,1,0
783,16415,10,20,740,935,920,909,69,41,30,40,0,990,-2510,-177,158,1000,1,0
784,16436,10,20,740,954,926,778,39,14,23,56,44,933,-2567,-43,168,1000,1,0
785,16456,10,20,740,952,926,757,31,36,25,37,140,1232,-2268,303,293,1000,1,0
786,16476,10,20,740,919,949,898,73,50,34,61,326,1625,-1875,124,349,1000,1,0
787,16496,10,20,740,500,955,944,73,63,36,61,355,1934,-1566,200,430,1000,1,0
788,16516,10,20,740,92,933,928,95,34,10,33,326,2318,-1182,184,512,968,1,0
789,16536,10,20,740,68,917,940,187,43,10,51,340,2406,-1094,28,505,975,1,0
790,16556,10,20,740,72,929,975,412,43,21,49,337,2440,-1060,46,515,965,1,0
791,16576,10,20,740,56,764,954,746,32,15,33,290,2519,-981,55,534,946,1,0
792,16596,10,20,740,37,353,932,901,67,47,51,223,2690,-810,90,578,902,1,0
793,16616,10,20,740,66,143,966,933,103,15,47,87,2464,-1036,-165,485,995,1,0
794,16636,10,20,740,33,92,939,930,83,21,35,38,2497,-1003,-6,519,961,1,0
795,16656,10,20,740,55,92,914,928,156,23,37,26,2620,-880,124,568,912,1,0
796,16676,10,20,740,84,117,712,941,624,77,73,33,2865,-635,100,618,862,1,0
797,16696,10,20,740,78,114,240,955,940,58,103,49,3332,-168,144,728,752,1,0
798,16716,10,20,740,25,130,113,957,952,77,108,67,3399,-101,-1,718,762,1,0
799,16736,10,20,740,19,85,92,933,940,58,68,62,3501,1,213,776,704,1,0
800,16756,10,20,740,31,73,108,931,943,53,77,49,3421,-79,-81,709,771,1,0
801,16776,10,20,740,47,70,106,930,943,92,70,53,3422,-78,21,727,753,1,0
802,16796,10,20,740,74,82,95,917,941,77,70,53,3506,6,84,755,725,1,0
803,16816,10,20,740,47,54,64,928,929,60,75,15,3500,0,-1,740,740,1,0
804,16836,10,20,740,39,60,66,896,941,73,44,35,3512,12,11,744,736,1,0
805,16856,10,20,740,13,41,78,895,932,68,49,40,3510,10,6,743,737,1,0
806,16876,10,20,740,41,66,73,896,936,116,56,22,3599,99,94,777,703,1,0
807,16896,10,20,740,29,35,62,880,903,107,44,29,3591,91,77,773,707,1,0
808,16916,10,20,740,27,41,67,892,925,122,66,2,3602,102,8,763,717,1,0
809,16936,10,20,740,39,41,81,884,901,86,54,29,3504,4,6,741,739,1,0
810,16956,10,20,740,39,44,62,877,931,81,80,13,3514,14,4,743,737,1,0
811,16977,10,20,740,37,41,69,907,934,75,54,33,3507,7,14,743,737,1,0
812,16997,10,20,740,27,25,74,884,903,55,49,31,3505,5,1,741,739,1,0
813,17017,10,20,740,35,25,76,896,925,64,44,15,3507,7,11,743,737,1,0
814,17047,10,20,740,49,38,74,915,916,73,63,35,3500,0,-3,740,740,1,0
815,17077,10,20,740,47,38,97,893,920,79,47,33,3507,7,1,741,739,1,0
816,17097,10,20,740,58,19,123,890,896,81,30,17,3404,-96,7,721,759,1,0
817,17117,10,20,740,43,15,90,877,867,51,4,0,3497,-3,102,756,724,1,0
818,17138,10,20,740,45,41,146,876,878,55,16,15,3385,-115,-1,715,765,1,0
819,17158,10,20,740,51,41,229,880,854,58,49,0,3318,-182,-51,692,788,1,0
820,17178,10,20,740,58,63,360,876,794,58,28,4,3213,-287,-56,668,812,1,0
821,17199,10,20,740,66,108,686,890,680,45,56,26,2906,-594,-186,578,902,1,0
822,17219,10,20,740,70,133,871,901,491,45,66,31,2730,-770,-117,551,929,1,0
823,17240,10,20,740,92,168,942,917,350,40,94,46,2609,-891,-69,533,947,1,0
824,17260,10,20,740,78,178,977,952,261,53,70,29,2547,-953,-176,501,979,1,0
825,17280,10,20,740,110,213,1000,973,228,34,73,44,2394,-1106,-25,493,987,1,0
826,17300,10,20,740,100,242,1000,949,139,25,47,33,2323,-1177,-40,475,1000,1,0
827,17330,10,20,740,84,347,961,903,108,73,21,20,2332,-1168,45,491,989,1,0
828,17350,10,20,740,98,423,916,917,132,77,30,31,2317,-1183,-25,476,1000,1,0
829,17370,10,20,740,98,662,923,925,125,68,35,24,2194,-1306,-97,437,1000,1,0
830,17390,10,20,740,115,815,886,931,116,23,33,2,2041,-1459,-40,413,1000,1,0
831,17410,10,20,740,121,917,949,920,148,55,49,26,2018,-1482,-8,413,1000,1,0
832,17430,10,20,740,123,945,959,869,121,34,77,42,1973,-1527,-26,400,1000,1,0
833,17460,10,20,740,192,993,977,874,74,25,91,44,1834,-1666,-156,347,1000,1,0
834,17480,10,20,740,192,993,980,733,67,38,56,58,1777,-1723,-47,353,1000,1,0
835,17500,10,20,740,306,974,965,569,59,32,40,26,1638,-1862,-89,316,1000,1,0
836,17520,10,20,740,487,993,956,430,52,38,35,15,1463,-2037,-103,275,1000,1,0
837,17540,10,20,740,646,996,959,341,67,51,63,60,1338,-2162,-72,253,1000,1,0
838,17560,10,20,740,552,987,965,433,68,27,54,8,1435,-2065,88,301,1000,1,0
839,17581,10,20,740,385,990,977,574,63,45,56,31,1594,-1906,-11,319,1000,1,0
840,17601,10,20,740,288,1000,959,731,72,43,70,44,1716,-1784,59,358,1000,1,0
841,17621,10,20,740,172,961,973,833,107,66,91,64,1915,-1585,113,411,1000,1,0
842,17651,10,20,740,165,955,947,792,83,49,54,44,1827,-1673,-18,369,1000,1,0
843,17671,10,20,740,277,894,921,692,70,47,25,29,1728,-1772,-81,337,1000,1,0
844,17691,10,20,740,497,904,916,533,45,38,30,40,1521,-1979,-100,288,1000,1,0
845,17711,10,20,740,662,907,897,442,65,64,40,31,1384,-2116,-55,266,1000,1,0
846,17731,10,20,740,760,898,893,328,58,62,70,38,1274,-2226,-26,246,1000,1,0
847,17751,10,20,740,797,914,893,292,41,51,30,58,1234,-2266,-16,239,1000,1,0
848,17771,10,20,740,687,894,886,346,61,25,61,46,1316,-2184,54,269,1000,1,0
849,17791,10,20,740,455,888,874,519,12,21,16,24,1532,-1968,141,332,1000,1,0
850,17811,10,20,740,253,894,886,701,32,47,42,17,1744,-1756,111,373,1000,1,0
851,17831,10,20,740,143,901,902,812,52,21,44,17,1864,-1636,59,391,1000,1,0
852,17860,10,20,740,129,888,905,780,67,38,23,11,1864,-1636,-9,379,1000,1,0
853,17880,10,20,740,115,917,898,717,54,36,42,42,1837,-1663,-12,373,1000,1,0
854,17900,10,20,740,104,904,937,701,83,23,35,6,1844,-1656,-4,375,1000,1,0
855,17920,10,20,740,108,901,914,790,67,36,28,26,1879,-1621,24,388,1000,1,0
856,17940,10,20,740,92,757,923,880,105,58,66,33,2124,-1376,115,457,1000,1,0
857,17960,10,20,740,74,312,921,896,65,64,33,11,2274,-1226,44,478,1000,1,0
858,17980,10,20,740,47,95,914,912,98,77,37,44,2499,-1001,105,538,942,1,0
859,18000,10,20,740,110,127,918,953,214,75,73,71,2445,-1055,-33,503,977,1,0
860,18021,10,20,740,60,79,843,933,375,58,30,17,2782,-718,83,597,883,1,0
861,18051,10,20,740,53,63,411,914,833,51,35,33,3195,-305,396,740,740,1,0
862,18071,10,20,740,78,50,151,912,918,60,23,8,3387,-113,88,731,749,1,0
863,18091,10,20,740,98,63,102,914,923,53,14,0,3423,-77,16,726,754,1,0
864,18111,10,20,740,72,70,118,923,920,47,16,0,3408,-92,-17,717,763,1,0
865,18131,10,20,740,78,50,116,907,909,38,33,13,3410,-90,-95,705,775,1,0
866,18151,10,20,740,96,89,200,907,882,51,21,0,3342,-158,-54,697,783,1,0
867,18171,10,20,740,53,85,290,926,849,81,44,11,3270,-230,-21,686,794,1,0
868,18191,10,20,740,80,76,336,915,811,32,18,0,3230,-270,-27,677,803,1,0
869,18211,10,20,740,90,70,416,926,791,49,35,24,3175,-325,-21,665,815,1,0
870,18231,10,20,740,82,47,379,909,787,47,16,13,3196,-304,10,675,805,1,0
871,18251,10,20,740,96,101,339,923,858,66,28,26,3142,-358,-69,650,830,1,0
872,18271,10,20,740,98,76,231,906,878,64,40,29,3321,-179,41,708,772,1,0
873,18291,10,20,740,84,63,135,903,898,47,44,0,3394,-106,221,754,726,1,0
874,18311,10,20,740,43,38,78,895,896,45,11,0,3500,0,81,753,727,1,0
875,18340,10,20,740,56,73,71,893,911,51,16,0,3504,4,8,742,738,1,0
876,18360,10,20,740,55,73,66,917,900,51,18,0,3495,-5,0,739,741,1,0
877,18380,10,20,740,45,44,43,882,892,30,28,0,3502,2,4,741,739,1,0
878,18401,10,20,740,82,41,47,900,885,38,14,6,3495,-5,-2,739,741,1,0
879,18421,10,20,740,62,66,80,888,907,70,16,4,3505,5,7,742,738,1,0
880,18441,10,20,740,72,70,88,903,911,66,54,64,3502,2,78,753,727,1,0
881,18461,10,20,740,64,57,87,900,912,55,44,20,3503,3,261,785,695,1,0
882,18481,10,20,740,72,76,94,903,923,86,30,35,3505,5,84,755,725,1,0
883,18501,10,20,740,92,76,95,912,936,77,58,38,3506,6,265,786,694,1,0
884,18521,10,20,740,104,79,109,890,916,107,49,42,3333,-167,11,706,774,1,0
885,18541,10,20,740,76,79,95,850,929,139,47,6,3629,129,289,817,663,1,0
886,18561,10,20,740,72,57,92,801,921,238,37,20,3712,212,37,792,688,1,0
887,18582,10,20,740,66,41,80,790,905,232,23,0,3710,210,-6,785,695,1,0
888,18602,10,20,740,68,73,64,842,909,154,35,17,3638,138,-51,761,719,1,0
889,18622,10,20,740,74,63,64,874,920,131,37,29,3614,114,-18,762,718,1,0
890,18642,10,20,740,49,60,64,877,912,98,35,20,3509,9,-101,725,755,1,0
891,18662,10,20,740,25,73,66,879,923,113,58,44,3600,100,-3,761,719,1,0
892,18682,10,20,740,58,57,64,888,911,96,49,44,3506,6,-85,727,753,1,0
893,18702,10,20,740,60,70,69,896,905,131,73,51,3604,104,395,830,650,1,0
894,18722,10,20,740,88,85,73,873,923,111,44,4,3600,100,3,762,718,1,0
895,18742,10,20,740,55,89,88,826,927,217,56,53,3690,190,118,801,679,1,0
896,18762,10,20,740,96,76,90,763,934,270,47,38,3749,249,100,811,669,1,0
897,18782,10,20,740,117,108,104,739,931,318,49,40,3386,-114,-293,666,814,1,0
898,18802,10,20,740,131,79,113,677,943,389,66,71,3539,39,126,770,710,1,0
899,18823,10,20,740,102,92,99,642,927,412,70,35,3693,193,-71,770,710,1,0
900,18843,10,20,740,90,95,109,644,920,408,63,44,3781,281,-124,780,700,1,0
901,18864,10,20,740,80,89,83,722,925,305,51,31,3786,286,-43,795,685,1,0
902,18884,10,20,740,90,63,76,830,909,200,40,24,3675,175,-49,770,710,1,0
903,18904,10,20,740,100,73,85,887,925,103,51,15,3412,-88,-212,685,795,1,0
904,18924,10,20,740,82,70,81,861,891,98,44,17,3508,8,99,758,722,1,0
905,18944,10,20,740,76,63,83,906,903,83,51,17,3499,-1,-101,723,757,1,0
906,18964,10,20,740,90,79,116,909,912,120,75,60,3503,3,265,785,695,1,0
907,18994,10,20,740,64,63,73,912,907,77,35,4,3498,-2,-12,738,742,1,0
908,19014,10,20,740,51,44,76,880,912,86,33,2,3508,8,-3,741,739,1,0
909,19034,10,20,740,43,35,67,884,923,88,30,0,3510,10,-86,728,752,1,0
910,19054,10,20,740,53,50,62,880,925,111,40,0,3598,98,88,776,704,1,0
911,19084,10,20,740,29,57,52,820,914,161,42,8,3652,152,19,776,704,1,0
912,19104,10,20,740,35,66,59,793,905,238,25,2,3713,213,27,791,689,1,0
913,19124,10,20,740,49,41,43,750,911,262,9,0,3746,246,4,794,686,1,0
914,19144,10,20,740,43,31,52,738,911,253,28,2,3745,245,-6,792,688,1,0
915,19164,10,20,740,64,54,57,793,916,223,21,13,3704,204,-39,778,702,1,0
916,19184,10,20,740,39,41,55,892,907,122,33,17,3599,99,-59,751,729,1,0
917,19204,10,20,740,58,89,67,900,918,81,28,22,3504,4,0,740,740,1,0
918,19224,10,20,740,94,95,137,919,943,66,30,15,3403,-97,-103,702,778,1,0
919,19254,10,20,740,56,66,81,898,925,43,44,0,3507,7,7,742,738,1,0
920,19274,10,20,740,60,66,76,917,934,73,44,20,3504,4,-4,740,740,1,0
921,19294,10,20,740,62,60,87,914,934,75,30,17,3505,5,1,741,739,1,0
922,19324,10,20,740,74,82,83,930,923,62,18,13,3498,-2,-2,740,740,1,0
923,19344,10,20,740,58,66,74,904,923,58,23,0,3505,5,9,742,738,1,0
924,19373,10,20,740,37,47,78,911,940,75,63,26,3507,7,6,742,738,1,0
925,19393,10,20,740,23,44,67,923,931,58,49,15,3502,2,0,740,740,1,0
926,19414,10,20,740,43,19,57,903,914,51,70,8,3503,3,1,740,740,1,0
927,19434,10,20,740,49,60,80,907,925,55,37,4,3504,4,4,741,739,1,0
928,19454,10,20,740,72,44,73,914,923,64,42,2,3502,2,-1,740,740,1,0
929,19474,10,20,740,64,82,74,914,921,30,37,0,3501,1,-1,740,740,1,0
930,19495,10,20,740,47,60,74,901,916,51,47,55,3504,4,103,758,722,1,0
931,19524,10,20,740,51,57,69,922,912,53,58,24,3497,-3,-10,738,742,1,0
932,19544,10,20,740,80,63,81,914,936,55,42,33,3505,5,5,741,739,1,0
933,19564,10,20,740,86,89,94,960,950,66,66,24,3497,-3,-1,740,740,1,0
934,19584,10,20,740,76,98,87,869,941,150,63,31,3633,133,122,790,690,1,0
935,19604,10,20,740,86,70,78,646,927,612,66,17,3984,484,186,878,602,1,0
936,19624,10,20,740,74,76,87,195,936,935,89,8,4358,858,164,956,524,1,0
937,19644,10,20,740,100,79,85,61,943,933,117,40,4366,866,-137,907,573,1,0
938,19664,10,20,740,72,89,55,41,938,963,209,33,4654,1154,188,1000,455,1,0
939,19685,10,20,740,96,73,74,41,929,952,551,24,4844,1344,282,1000,397,1,0
940,19706,10,20,740,129,89,78,41,883,950,816,60,4743,1243,23,1000,463,1,0
941,19727,10,20,740,137,89,71,47,858,963,891,49,4771,1271,-17,1000,464,1,0
942,19747,10,20,740,66,47,90,50,849,950,903,44,5019,1519,156,1000,380,1,0
943,19767,10,20,740,58,38,33,15,838,961,912,31,5027,1527,5,1000,404,1,0
944,19787,10,20,740,56,22,22,30,814,948,903,49,5033,1533,3,1000,403,1,0
945,19807,10,20,740,27,6,15,31,793,969,919,31,5046,1546,-1,1000,401,1,0
946,19836,10,20,740,31,0,27,47,814,963,929,102,5113,1613,68,1000,374,1,0
947,19857,10,20,740,35,6,19,28,827,954,919,71,5034,1534,-5,1000,404,1,0
948,19877,10,20,740,19,47,50,52,854,961,929,96,5027,1527,-77,1000,418,1,0
949,19897,10,20,740,37,41,33,26,811,976,929,80,5043,1543,13,1000,399,1,0
950,19917,10,20,740,49,54,40,19,754,974,945,82,5071,1571,22,1000,391,1,0
951,19937,10,20,740,35,41,36,31,747,961,929,107,5144,1644,73,1000,366,1,0
952,19957,10,20,740,19,19,27,22,684,950,941,109,5176,1676,-21,1000,375,1,0
953,19977,10,20,740,21,50,36,20,642,967,941,190,5247,1747,29,1000,351,1,0
954,19997,10,20,740,9,35,36,7,642,974,929,149,5217,1717,6,1000,362,1,0
955,20017,10,20,740,35,41,41,23,560,963,929,187,5281,1781,4,1000,348,1,0
956,20037,10,20,740,27,25,40,22,531,956,955,214,5320,1820,7,1000,339,1,0
957,20057,10,20,740,49,38,48,9,442,954,950,266,5398,1898,78,1000,310,1,0
958,20077,10,20,740,60,41,66,28,373,948,952,366,5496,1996,39,1000,295,1,0
959,20097,10,20,740,113,76,60,20,308,954,955,442,5348,1848,-174,1000,364,1,0
960,20117,10,20,740,56,47,33,3,295,952,966,431,5579,2079,-2,1000,283,1,0
961,20137,10,20,740,66,66,67,12,332,950,978,431,5560,2060,-12,1000,289,1,0
962,20157,10,20,740,45,54,29,4,402,978,941,286,5426,1926,-92,1000,332,1,0
963,20177,10,20,740,55,76,62,41,537,954,964,201,5312,1812,-74,1000,354,1,0
964,20197,10,20,740,108,117,146,90,691,984,983,196,4763,1263,-469,938,542,1,0
965,20217,10,20,740,43,89,45,19,760,969,955,87,5072,1572,-99,1000,411,1,0
966,20237,10,20,740,37,70,62,34,742,963,969,152,5187,1687,27,1000,365,1,0
967,20257,10,20,740,31,41,62,44,733,991,974,163,5198,1698,18,1000,364,1,0
968,20277,10,20,740,25,47,71,46,727,991,976,161,5200,1700,23,1000,363,1,0
969,20297,10,20,740,39,54,50,34,715,959,978,217,5242,1742,32,1000,352,1,0
970,20317,10,20,740,51,28,71,33,597,959,971,290,5338,1838,47,1000,328,1,0
971,20337,10,20,740,51,63,41,23,540,933,955,319,5383,1883,40,1000,319,1,0
972,20357,10,20,740,51,66,59,23,450,974,974,371,5457,1957,65,1000,299,1,0
973,20377,10,20,740,49,35,36,26,417,950,957,208,5377,1877,-54,1000,337,1,0
974,20397,10,20,740,60,22,57,20,422,989,974,107,5307,1807,-72,1000,355,1,0
975,20418,10,20,740,64,41,62,82,511,984,976,80,5188,1688,-95,1000,385,1,0
976,20438,10,20,740,62,101,73,28,667,965,962,76,4959,1459,-63,1000,430,1,0
977,20458,10,20,740,88,35,59,36,814,967,783,58,4987,1487,163,1000,386,1,0
978,20478,10,20,740,110,76,94,63,952,974,382,55,4536,1036,-358,907,573,1,0
979,20498,10,20,740,68,79,92,65,945,967,158,49,4619,1119,-6,985,495,1,0
980,20528,10,20,740,35,76,76,106,941,937,77,29,4418,918,-85,927,553,1,0
981,20548,10,20,740,49,66,74,495,952,634,56,17,4066,566,-199,830,650,1,0
982,20568,10,20,740,31,66,59,842,958,208,47,22,3684,184,-164,752,728,1,0
983,20588,10,20,740,31,57,57,917,956,75,33,0,3510,10,-85,728,752,1,0
984,20608,10,20,740,29,70,60,936,929,36,35,0,3498,-2,2,740,740,1,0
985,20628,10,20,740,17,70,52,923,938,49,25,0,3504,4,-2,740,740,1,0
986,20658,10,20,740,31,85,114,933,947,105,84,40,3496,-4,-3,739,741,1,0
987,20678,10,20,740,27,50,71,930,931,27,30,20,3500,0,4,740,740,1,0
988,20698,10,20,740,33,44,57,922,929,98,66,6,3501,1,-8,739,741,1,0
989,20718,10,20,740,53,57,81,880,943,101,40,0,3595,95,78,774,706,1,0
990,20738,10,20,740,3,60,83,855,952,154,42,0,3642,142,16,773,707,1,0
991,20759,10,20,740,55,70,78,803,950,206,37,11,3695,195,36,789,691,1,0
992,20779,10,20,740,27,73,62,782,931,227,37,0,3713,213,19,790,690,1,0
993,20799,10,20,740,29,63,66,800,950,206,30,0,3696,196,-15,780,700,1,0
994,20820,10,20,740,35,66,69,811,941,174,16,0,3669,169,-29,772,708,1,0
995,20850,10,20,740,56,95,88,874,943,124,63,8,3613,113,-6,763,717,1,0
996,20870,10,20,740,58,101,97,907,960,96,61,20,3385,-115,-117,695,785,1,0
997,20899,10,20,740,66,82,92,933,952,66,47,17,3505,5,-2,740,740,1,0
998,20919,10,20,740,66,127,146,930,934,98,75,29,3249,-251,-177,655,825,1,0
999,20939,10,20,740,33,89,85,914,925,58,23,0,3502,2,-5,740,740,1,0
1000,20959,10,20,740,33,63,90,926,938,68,47,0,3503,3,79,754,726,1,0
1001,20979,10,20,740,29,66,73,941,947,70,44,4,3501,1,-2,740,740,1,0
1002,20999,10,20,740,19,63,67,898,945,58,18,0,3512,12,6,743,737,1,0
1003,21019,10,20,740,51,54,67,919,931,66,37,0,3503,3,-2,740,740,1,0
1004,21039,10,20,740,49,50,74,920,936,49,25,0,3504,4,-9,740,740,1,0
1005,21066,10,20,740,47,79,60,926,934,49,54,13,3502,2,-2,740,740,1,0
1006,21086,10,20,740,19,73,67,912,934,62,40,2,3505,5,-1,740,740,1,0
1007,21116,10,20,740,55,89,88,946,934,45,35,0,3496,-4,0,740,740,1,0
1008,21136,10,20,740,58,70,62,941,929,36,30,0,3496,-4,-8,738,742,1,0
1009,21156,10,20,740,49,92,73,890,947,62,63,35,3515,15,18,746,734,1,0
1010,21176,10,20,740,49,108,90,925,981,55,51,13,3379,-121,-123,693,787,1,0
1011,21196,10,20,740,68,101,113,946,963,66,56,49,3305,-195,18,701,779,1,0
1012,21216,10,20,740,98,146,121,938,963,77,70,26,3253,-247,-63,675,805,1,0
1013,21236,10,20,740,111,133,127,914,978,129,75,38,3213,-287,-83,663,817,1,0
1014,21256,10,20,740,121,136,151,842,983,225,96,69,3263,-237,-150,663,817,1,0
1015,21276,10,20,740,133,143,153,711,987,412,99,73,3383,-117,27,719,761,1,0
1016,21306,10,20,740,100,140,141,473,985,658,117,125,3887,387,236,865,615,1,0
1017,21326,10,20,740,119,117,128,415,978,692,103,58,3764,264,84,812,668,1,0
1018,21346,10,20,740,88,92,121,495,969,595,84,62,3934,434,70,847,633,1,0
1019,21366,10,20,740,84,92,108,719,952,339,63,33,3718,218,-204,753,727,1,0
1020,21386,10,20,740,47,66,85,879,945,146,44,11,3627,127,-60,757,723,1,0
1021,21406,10,20,740,37,63,71,942,943,58,56,35,3500,0,-5,740,740,1,0
1022,21435,10,20,740,27,63,55,953,931,38,54,22,3494,-6,-2,739,741,1,0
1023,21455,10,20,740,37,76,104,942,941,55,51,13,3421,-79,129,744,736,1,0
1024,21475,10,20,740,64,95,113,938,950,77,58,46,3418,-82,-87,708,772,1,0
1025,21495,10,20,740,84,117,142,952,943,103,56,49,3342,-158,270,751,729,1,0
1026,21515,10,20,740,84,98,156,963,947,73,75,40,3382,-118,108,733,747,1,0
1027,21535,10,20,740,72,117,141,960,963,92,70,71,3269,-231,17,693,787,1,0
1028,21555,10,20,740,96,124,146,985,1000,116,101,89,3461,-39,187,763,717,1,0
1029,21575,10,20,740,82,111,130,941,970,75,56,46,3287,-213,-230,655,825,1,0
1030,21595,10,20,740,76,85,102,953,956,81,49,51,3424,-76,-79,710,770,1,0
1031,21615,10,20,740,43,89,111,949,961,38,47,58,3420,-80,-90,708,772,1,0
1032,21635,10,20,740,53,92,83,939,952,88,68,55,3503,3,3,741,739,1,0
1033,21655,10,20,740,27,54,54,917,949,73,28,22,3508,8,2,742,738,1,0
1034,21675,10,20,740,27,41,64,887,947,118,47,42,3606,106,93,779,701,1,0
1035,21695,10,20,740,33,108,66,823,920,169,21,15,3515,15,-120,723,757,1,0
1036,21716,10,20,740,51,101,101,792,941,217,42,31,3498,-2,-193,707,773,1,0
1037,21736,10,20,740,62,63,62,773,940,275,54,2,3749,249,13,796,684,1,0
1038,21756,10,20,740,15,60,66,761,920,234,35,0,3724,224,-24,785,695,1,0
1039,21776,10,20,740,27,82,62,792,920,204,23,0,3693,193,-40,775,705,1,0
1040,21796,10,20,740,35,73,64,807,923,184,40,0,3674,174,8,779,701,1,0
1041,21816,10,20,740,55,98,111,874,949,152,58,40,3547,47,-33,744,736,1,0
1042,21836,10,20,740,5,76,64,895,921,75,23,0,3507,7,-5,740,740,1,0
1043,21856,10,20,740,29,44,81,922,927,75,30,13,3501,1,-2,740,740,1,0
1044,21876,10,20,740,74,101,94,953,938,47,61,22,3369,-131,-134,689,791,1,0
1045,21896,10,20,740,60,66,81,941,949,40,37,13,3502,2,-3,740,740,1,0
1046,21916,10,20,740,66,85,95,919,918,40,33,4,3499,-1,-3,740,740,1,0
1047,21936,10,20,740,62,89,97,936,952,38,37,20,3504,4,-1,740,740,1,0
1048,21956,10,20,740,70,121,90,942,950,51,40,6,3351,-149,-155,681,799,1,0
1049,21976,10,20,740,92,162,123,944,961,40,42,33,3234,-266,-122,661,819,1,0
1050,21996,10,20,740,76,105,104,947,947,60,56,38,3300,-200,-219,659,821,1,0
1051,22016,10,20,740,76,114,111,930,950,70,70,35,3290,-210,-214,658,822,1,0
1053,22066,10,20,740,90,95,116,933,958,105,66,31,3498,-2,220,776,704,1,0
1054,22086,10,20,740,88,98,114,941,960,101,68,51,3495,-5,113,758,722,1,0
1055,22106,10,20,740,66,98,114,931,970,81,75,40,3424,-76,-76,711,769,1,0
1056,22126,10,20,740,64,95,102,958,965,36,63,33,3426,-74,-82,710,770,1,0
1057,22146,10,20,740,58,95,277,968,965,38,66,24,3311,-189,-101,682,798,1,0
1058,22167,10,20,740,56,82,818,931,773,36,30,26,2982,-518,-179,596,884,1,0
1059,22197,10,20,740,51,124,939,947,132,36,66,35,2507,-993,-205,487,993,1,0
1060,22217,10,20,740,39,668,947,953,74,36,58,49,2110,-1390,-191,402,1000,1,0
1061,22238,10,20,740,64,926,961,887,67,47,96,87,1985,-1515,-28,402,1000,1,0
1062,22258,10,20,740,106,936,952,633,56,36,82,107,2007,-1493,-73,400,1000,1,0
1063,22278,10,20,740,135,929,932,460,56,36,54,76,1699,-1801,-159,317,1000,1,0
1064,22298,10,20,740,186,907,904,380,29,27,7,42,1621,-1879,-28,322,1000,1,0
1065,22318,10,20,740,265,901,881,311,49,68,16,85,1525,-1975,-241,265,1000,1,0
1066,22338,10,20,740,265,869,831,388,70,107,44,49,1719,-1781,205,384,1000,1,0
1067,22358,10,20,740,294,898,869,436,117,159,103,116,2218,-1282,463,537,943,1,0
1068,22388,10,20,740,269,910,837,539,185,227,188,187,2547,-953,118,551,929,1,0
1069,22408,10,20,740,485,878,827,403,248,320,306,293,2718,-782,29,573,907,1,0
1070,22428,10,20,740,950,894,858,269,303,400,438,469,2737,-763,16,575,905,1,0
1071,22448,10,20,740,1000,904,904,312,415,535,683,1000,3316,-184,250,742,738,1,0
1072,22468,10,20,740,1000,920,331,346,502,651,858,937,3532,32,232,786,694,1,0
1073,22488,10,20,740,994,624,196,331,520,677,948,993,3807,307,157,834,646,1,0
1074,22508,10,20,740,856,257,278,390,548,729,1000,939,4081,581,136,890,590,1,0
1075,22538,10,20,740,471,331,346,423,607,815,900,879,4264,764,-149,882,598,1,0
1076,22558,10,20,740,573,426,393,611,705,726,936,1000,4117,617,-91,860,620,1,0
1077,22588,10,20,740,660,614,428,369,464,754,1000,1000,4008,508,-33,846,634,1,0
1078,22608,10,20,740,701,509,350,307,528,797,1000,1000,4088,588,80,882,598,1,0
1079,22637,10,20,740,583,369,318,333,435,576,771,794,4022,522,-93,839,641,1,0
1080,22657,10,20,740,483,337,282,282,348,404,422,382,3525,25,-101,729,751,1,0
1081,22678,10,20,740,469,375,336,296,326,290,323,903,3902,402,628,935,545,1,0
1082,22698,10,20,740,491,404,365,307,310,316,1000,995,4259,759,323,961,519,1,0
1083,22727,10,20,740,585,496,609,414,1000,954,865,979,4027,527,-56,846,634,1,0
1084,22755,10,20,740,463,742,367,920,1000,909,853,970,3966,466,0,0,0,1,1
